district,total_farms,owner_farms,owner_cum_tenant_farms,tenant_farms,owner_farms_percent,owner_cum_tenant_farms_percent,tenant_farms_percent,total_farm_area,owner_farm_area,owner_cum_tenant_farm_area,tenant_farm_area,owner_area_percent,owner_cum_tenant_area_percent,tenant_area_percent,source_year,source_table,notes
Bahawalnagar District,173873,126972,20677,26224,73,12,15,1535656,917277,384219,234159,60,25,15,2024,Table 1.3,"Percentages are of farms (cols 6-8) and of farm area (cols 14-16), as reported; Report footnote: ""0"" = value less than 0.5; ""-"" = no value"
Bahawalpur District,179899,161238,9580,9081,90,5,5,915307,718512,134893,61902,79,15,7,2024,Table 1.3,"Percentages are of farms (cols 6-8) and of farm area (cols 14-16), as reported; Report footnote: ""0"" = value less than 0.5; ""-"" = no value"
Rahim Yar Khan District,269179,227648,24718,16813,85,9,6,1347468,933507,295967,117994,69,22,9,2024,Table 1.3,"Percentages are of farms (cols 6-8) and of farm area (cols 14-16), as reported; Report footnote: ""0"" = value less than 0.5; ""-"" = no value"
Dera Ghazi Khan District,224784,208857,11771,4156,93,5,2,1154453,1011337,119080,24036,88,10,2,2024,Table 1.3,"Percentages are of farms (cols 6-8) and of farm area (cols 14-16), as reported; Report footnote: ""0"" = value less than 0.5; ""-"" = no value"
Layyah District,150493,128353,13101,9039,85,9,6,1195711,864056,253585,78070,72,21,7,2024,Table 1.3,"Percentages are of farms (cols 6-8) and of farm area (cols 14-16), as reported; Report footnote: ""0"" = value less than 0.5; ""-"" = no value"
Muzaffargarh District,312949,295845,9387,7717,95,3,3,1549063,1350573,133465,65025,87,9,4,2024,Table 1.3,"Percentages are of farms (cols 6-8) and of farm area (cols 14-16), as reported; Report footnote: ""0"" = value less than 0.5; ""-"" = no value"
Rajanpur District,136113,128117,4922,3074,94,4,2,981090,851163,89526,40401,87,9,4,2024,Table 1.3,"Percentages are of farms (cols 6-8) and of farm area (cols 14-16), as reported; Report footnote: ""0"" = value less than 0.5; ""-"" = no value"
Chiniot District,81723,67434,7388,6900,83,9,8,530923,410715,83094,37113,77,16,7,2024,Table 1.3,"Chiniot District is not present in district_master_clean.csv (remote-sensing master covers 34 districts); Percentages are of farms (cols 6-8) and of farm area (cols 14-16), as reported; Report footnote: ""0"" = value less than 0.5; ""-"" = no value"
Faisalabad District,227004,174654,30398,21951,77,13,10,1093554,623337,359512,110705,57,33,10,2024,Table 1.3,"Percentages are of farms (cols 6-8) and of farm area (cols 14-16), as reported; Report footnote: ""0"" = value less than 0.5; ""-"" = no value"
Jhang District,230973,196429,22361,12184,85,10,5,1234973,954920,221797,58255,77,18,5,2024,Table 1.3,"Percentages are of farms (cols 6-8) and of farm area (cols 14-16), as reported; Report footnote: ""0"" = value less than 0.5; ""-"" = no value"
Toba Tek Singh District,106383,88655,9626,8102,83,9,8,647587,457990,131782,57815,71,20,9,2024,Table 1.3,"Percentages are of farms (cols 6-8) and of farm area (cols 14-16), as reported; Report footnote: ""0"" = value less than 0.5; ""-"" = no value"
Gujranwala District,109388,94779,8607,6003,87,8,6,721454,550236,133093,38124,76,18,5,2024,Table 1.3,"Percentages are of farms (cols 6-8) and of farm area (cols 14-16), as reported; Report footnote: ""0"" = value less than 0.5; ""-"" = no value"
Gujrat District,136249,122458,7358,6432,90,5,5,583790,477394,69312,37084,82,12,6,2024,Table 1.3,"Percentages are of farms (cols 6-8) and of farm area (cols 14-16), as reported; Report footnote: ""0"" = value less than 0.5; ""-"" = no value"
Hafizabad District,45765,41121,2393,2251,90,5,5,449046,369027,57988,22031,82,13,5,2024,Table 1.3,"Percentages are of farms (cols 6-8) and of farm area (cols 14-16), as reported; Report footnote: ""0"" = value less than 0.5; ""-"" = no value"
Mandi Bahauddin District,74546,68282,3076,3188,92,4,4,556154,491909,40146,24099,88,7,4,2024,Table 1.3,"Percentages are of farms (cols 6-8) and of farm area (cols 14-16), as reported; Report footnote: ""0"" = value less than 0.5; ""-"" = no value"
Narowal District,93457,88533,3792,1132,95,4,1,429821,364708,57666,7447,85,13,2,2024,Table 1.3,"Percentages are of farms (cols 6-8) and of farm area (cols 14-16), as reported; Report footnote: ""0"" = value less than 0.5; ""-"" = no value"
Sialkot District,138619,126224,5976,6419,91,4,5,594362,469075,78525,46762,79,13,8,2024,Table 1.3,"Percentages are of farms (cols 6-8) and of farm area (cols 14-16), as reported; Report footnote: ""0"" = value less than 0.5; ""-"" = no value"
Kasur District,115755,106711,4323,4721,92,4,4,759871,636676,81224,41972,84,11,6,2024,Table 1.3,"Percentages are of farms (cols 6-8) and of farm area (cols 14-16), as reported; Report footnote: ""0"" = value less than 0.5; ""-"" = no value"
Lahore District,94410,84603,5502,4305,90,6,5,150048,102096,26310,21642,68,18,14,2024,Table 1.3,"Percentages are of farms (cols 6-8) and of farm area (cols 14-16), as reported; Report footnote: ""0"" = value less than 0.5; ""-"" = no value"
Nankana Sahib District,61049,48721,6340,5988,80,10,10,472396,309138,111026,52232,65,24,11,2024,Table 1.3,"Nankana Sahib District is not present in district_master_clean.csv (remote-sensing master covers 34 districts); Percentages are of farms (cols 6-8) and of farm area (cols 14-16), as reported; Report footnote: ""0"" = value less than 0.5; ""-"" = no value"
Sheikhupura District,88647,73758,5224,9666,83,6,11,718953,552149,93441,73362,77,13,10,2024,Table 1.3,"Percentages are of farms (cols 6-8) and of farm area (cols 14-16), as reported; Report footnote: ""0"" = value less than 0.5; ""-"" = no value"
Khanewal District,162844,144543,7831,10470,89,5,6,852296,658622,118675,74999,77,14,9,2024,Table 1.3,"Percentages are of farms (cols 6-8) and of farm area (cols 14-16), as reported; Report footnote: ""0"" = value less than 0.5; ""-"" = no value"
Lodhran District,108989,91297,9765,7927,84,9,7,521056,364137,109693,47226,70,21,9,2024,Table 1.3,"Percentages are of farms (cols 6-8) and of farm area (cols 14-16), as reported; Report footnote: ""0"" = value less than 0.5; ""-"" = no value"
Multan District,164679,143390,9355,11934,87,6,7,773599,583532,129067,61000,75,17,8,2024,Table 1.3,"Percentages are of farms (cols 6-8) and of farm area (cols 14-16), as reported; Report footnote: ""0"" = value less than 0.5; ""-"" = no value"
Vehari District,138565,117617,9431,11518,85,7,8,906456,670037,157307,79112,74,17,9,2024,Table 1.3,"Percentages are of farms (cols 6-8) and of farm area (cols 14-16), as reported; Report footnote: ""0"" = value less than 0.5; ""-"" = no value"
Attock District,117549,97209,5466,14873,83,5,13,984230,754877,91086,138267,77,9,14,2024,Table 1.3,"Percentages are of farms (cols 6-8) and of farm area (cols 14-16), as reported; Report footnote: ""0"" = value less than 0.5; ""-"" = no value"
Chakwal District,142121,139924,1117,1080,99,1,1,937938,901784,21490,14663,96,2,2,2024,Table 1.3,"Percentages are of farms (cols 6-8) and of farm area (cols 14-16), as reported; Report footnote: ""0"" = value less than 0.5; ""-"" = no value"
Jhelum District,66956,64239,1212,1505,96,2,2,400080,378133,13266,8681,95,3,2,2024,Table 1.3,"Percentages are of farms (cols 6-8) and of farm area (cols 14-16), as reported; Report footnote: ""0"" = value less than 0.5; ""-"" = no value"
Rawalpindi District,158208,149191,4963,4054,94,3,3,687689,638175,35151,14363,93,5,2,2024,Table 1.3,"Percentages are of farms (cols 6-8) and of farm area (cols 14-16), as reported; Report footnote: ""0"" = value less than 0.5; ""-"" = no value"
Okara District,136365,103505,10889,21971,76,8,16,886180,606189,170545,109446,68,19,12,2024,Table 1.3,"Percentages are of farms (cols 6-8) and of farm area (cols 14-16), as reported; Report footnote: ""0"" = value less than 0.5; ""-"" = no value"
Pakpattan District,99933,71803,9240,18890,72,9,19,653713,419490,148545,85679,64,23,13,2024,Table 1.3,"Percentages are of farms (cols 6-8) and of farm area (cols 14-16), as reported; Report footnote: ""0"" = value less than 0.5; ""-"" = no value"
Sahiwal District,139556,111872,15135,12549,80,11,9,636827,425134,151566,60127,67,24,9,2024,Table 1.3,"Percentages are of farms (cols 6-8) and of farm area (cols 14-16), as reported; Report footnote: ""0"" = value less than 0.5; ""-"" = no value"
Bhakkar District,165761,146580,9669,9512,88,6,6,1858588,1448055,297720,112813,78,16,6,2024,Table 1.3,"Percentages are of farms (cols 6-8) and of farm area (cols 14-16), as reported; Report footnote: ""0"" = value less than 0.5; ""-"" = no value"
Khushab District,138415,115540,10788,12087,84,8,9,1148069,800805,199937,147328,70,17,13,2024,Table 1.3,"Percentages are of farms (cols 6-8) and of farm area (cols 14-16), as reported; Report footnote: ""0"" = value less than 0.5; ""-"" = no value"
Mianwali District,72919,67694,2523,2701,93,4,4,727853,637882,61087,28884,88,8,4,2024,Table 1.3,"Percentages are of farms (cols 6-8) and of farm area (cols 14-16), as reported; Report footnote: ""0"" = value less than 0.5; ""-"" = no value"
Sargodha District,166582,135330,13993,17259,81,8,10,1159067,878862,170944,109261,76,15,9,2024,Table 1.3,"Percentages are of farms (cols 6-8) and of farm area (cols 14-16), as reported; Report footnote: ""0"" = value less than 0.5; ""-"" = no value"
Cholistan Area,19536,17284,848,1405,89,4,7,284651,208286,35931,40434,73,13,14,2024,Table 1.3,"Cholistan Area is a separate non-district reporting unit within Bahawalpur Division; not present in district_master_clean.csv; Percentages are of farms (cols 6-8) and of farm area (cols 14-16), as reported; Report footnote: ""0"" = value less than 0.5; ""-"" = no value"
