district,total_cultivated_area,irrigated_area,unirrigated_area,canal_area,canal_and_tubewell_area,tubewell_area,tank_bandat_area,spring_rod_kohi_area,karez_area,sprinkler_drip_pivot_area,unspecified_irrigation_area,lift_pump_area,other_irrigation_area,sailaba_area,barani_area,irrigable_not_irrigated_area,irrigation_method_notes,source_year,source_table,notes
Bahawalnagar District,1409155,1367537,11346,454116,704682,203841,848,,,75,3975,,4823,507,10684,156,Modes per Table 4.2: canal only; canal and tubewell; tubewell only; tank/bandat (small dams); spring or hill ravines (rod-kohi); karez; sprinkler/drip/central pivot (published only as one combined column); unspecified sources. Unirrigated = sailaba (flood) + barani (rain-fed) + area with irrigation facility not irrigated. lift_pump_area is not reported at area level in the census; the tubewell_area column covers irrigation by tubewell or pump (census questionnaire Part-4). other_irrigation_area is derived: sum of tank/bandat + spring/rod-kohi + karez + unspecified sources.,2024,Table 4.2,"Report footnote: ""0"" = value less than 0.5; ""-"" = no value"
Bahawalpur District,899710,890414,67,354401,346030,189689,30,,,111,153,,183,1,11,54,Modes per Table 4.2: canal only; canal and tubewell; tubewell only; tank/bandat (small dams); spring or hill ravines (rod-kohi); karez; sprinkler/drip/central pivot (published only as one combined column); unspecified sources. Unirrigated = sailaba (flood) + barani (rain-fed) + area with irrigation facility not irrigated. lift_pump_area is not reported at area level in the census; the tubewell_area column covers irrigation by tubewell or pump (census questionnaire Part-4). other_irrigation_area is derived: sum of tank/bandat + spring/rod-kohi + karez + unspecified sources.,2024,Table 4.2,"Report footnote: ""0"" = value less than 0.5; ""-"" = no value"
Rahim Yar Khan District,1316798,1308330,111,262876,810751,232742,1554,,,276,132,,1686,,111,,Modes per Table 4.2: canal only; canal and tubewell; tubewell only; tank/bandat (small dams); spring or hill ravines (rod-kohi); karez; sprinkler/drip/central pivot (published only as one combined column); unspecified sources. Unirrigated = sailaba (flood) + barani (rain-fed) + area with irrigation facility not irrigated. lift_pump_area is not reported at area level in the census; the tubewell_area column covers irrigation by tubewell or pump (census questionnaire Part-4). other_irrigation_area is derived: sum of tank/bandat + spring/rod-kohi + karez + unspecified sources.,2024,Table 4.2,"Report footnote: ""0"" = value less than 0.5; ""-"" = no value"
Dera Ghazi Khan District,1037972,968021,47316,95986,212548,328874,69678,240182,,,20754,,330614,767,46458,92,Modes per Table 4.2: canal only; canal and tubewell; tubewell only; tank/bandat (small dams); spring or hill ravines (rod-kohi); karez; sprinkler/drip/central pivot (published only as one combined column); unspecified sources. Unirrigated = sailaba (flood) + barani (rain-fed) + area with irrigation facility not irrigated. lift_pump_area is not reported at area level in the census; the tubewell_area column covers irrigation by tubewell or pump (census questionnaire Part-4). other_irrigation_area is derived: sum of tank/bandat + spring/rod-kohi + karez + unspecified sources.,2024,Table 4.2,"Report footnote: ""0"" = value less than 0.5; ""-"" = no value"
Layyah District,1137336,1087558,36120,65534,466244,549786,4836,,,800,359,,5195,675,35413,31,Modes per Table 4.2: canal only; canal and tubewell; tubewell only; tank/bandat (small dams); spring or hill ravines (rod-kohi); karez; sprinkler/drip/central pivot (published only as one combined column); unspecified sources. Unirrigated = sailaba (flood) + barani (rain-fed) + area with irrigation facility not irrigated. lift_pump_area is not reported at area level in the census; the tubewell_area column covers irrigation by tubewell or pump (census questionnaire Part-4). other_irrigation_area is derived: sum of tank/bandat + spring/rod-kohi + karez + unspecified sources.,2024,Table 4.2,"Report footnote: ""0"" = value less than 0.5; ""-"" = no value"
Muzaffargarh District,1508512,1496777,463,50520,804825,640500,409,,,337,187,,596,230,177,56,Modes per Table 4.2: canal only; canal and tubewell; tubewell only; tank/bandat (small dams); spring or hill ravines (rod-kohi); karez; sprinkler/drip/central pivot (published only as one combined column); unspecified sources. Unirrigated = sailaba (flood) + barani (rain-fed) + area with irrigation facility not irrigated. lift_pump_area is not reported at area level in the census; the tubewell_area column covers irrigation by tubewell or pump (census questionnaire Part-4). other_irrigation_area is derived: sum of tank/bandat + spring/rod-kohi + karez + unspecified sources.,2024,Table 4.2,"Report footnote: ""0"" = value less than 0.5; ""-"" = no value"
Rajanpur District,942762,903233,17748,197394,427133,274080,981,3481,,,165,,4627,29,17429,290,Modes per Table 4.2: canal only; canal and tubewell; tubewell only; tank/bandat (small dams); spring or hill ravines (rod-kohi); karez; sprinkler/drip/central pivot (published only as one combined column); unspecified sources. Unirrigated = sailaba (flood) + barani (rain-fed) + area with irrigation facility not irrigated. lift_pump_area is not reported at area level in the census; the tubewell_area column covers irrigation by tubewell or pump (census questionnaire Part-4). other_irrigation_area is derived: sum of tank/bandat + spring/rod-kohi + karez + unspecified sources.,2024,Table 4.2,"Report footnote: ""0"" = value less than 0.5; ""-"" = no value"
Chiniot District,512988,504243,294,33369,149090,321562,189,,,,33,,222,76,157,61,Modes per Table 4.2: canal only; canal and tubewell; tubewell only; tank/bandat (small dams); spring or hill ravines (rod-kohi); karez; sprinkler/drip/central pivot (published only as one combined column); unspecified sources. Unirrigated = sailaba (flood) + barani (rain-fed) + area with irrigation facility not irrigated. lift_pump_area is not reported at area level in the census; the tubewell_area column covers irrigation by tubewell or pump (census questionnaire Part-4). other_irrigation_area is derived: sum of tank/bandat + spring/rod-kohi + karez + unspecified sources.,2024,Table 4.2,"Chiniot District is not present in district_master_clean.csv (remote-sensing master covers 34 districts); Report footnote: ""0"" = value less than 0.5; ""-"" = no value"
Faisalabad District,1075477,1069336,316,333953,608270,124884,226,,,290,1714,,1940,211,,104,Modes per Table 4.2: canal only; canal and tubewell; tubewell only; tank/bandat (small dams); spring or hill ravines (rod-kohi); karez; sprinkler/drip/central pivot (published only as one combined column); unspecified sources. Unirrigated = sailaba (flood) + barani (rain-fed) + area with irrigation facility not irrigated. lift_pump_area is not reported at area level in the census; the tubewell_area column covers irrigation by tubewell or pump (census questionnaire Part-4). other_irrigation_area is derived: sum of tank/bandat + spring/rod-kohi + karez + unspecified sources.,2024,Table 4.2,"Report footnote: ""0"" = value less than 0.5; ""-"" = no value"
Jhang District,1199327,1177013,6877,59271,461242,647582,595,,,201,8121,,8716,311,6533,33,Modes per Table 4.2: canal only; canal and tubewell; tubewell only; tank/bandat (small dams); spring or hill ravines (rod-kohi); karez; sprinkler/drip/central pivot (published only as one combined column); unspecified sources. Unirrigated = sailaba (flood) + barani (rain-fed) + area with irrigation facility not irrigated. lift_pump_area is not reported at area level in the census; the tubewell_area column covers irrigation by tubewell or pump (census questionnaire Part-4). other_irrigation_area is derived: sum of tank/bandat + spring/rod-kohi + karez + unspecified sources.,2024,Table 4.2,"Report footnote: ""0"" = value less than 0.5; ""-"" = no value"
Toba Tek Singh District,642253,633541,54,181701,357299,94140,40,71,,44,247,,358,8,15,31,Modes per Table 4.2: canal only; canal and tubewell; tubewell only; tank/bandat (small dams); spring or hill ravines (rod-kohi); karez; sprinkler/drip/central pivot (published only as one combined column); unspecified sources. Unirrigated = sailaba (flood) + barani (rain-fed) + area with irrigation facility not irrigated. lift_pump_area is not reported at area level in the census; the tubewell_area column covers irrigation by tubewell or pump (census questionnaire Part-4). other_irrigation_area is derived: sum of tank/bandat + spring/rod-kohi + karez + unspecified sources.,2024,Table 4.2,"Report footnote: ""0"" = value less than 0.5; ""-"" = no value"
Gujranwala District,711016,708326,5,23414,248844,435630,339,,,43,55,,394,,,5,Modes per Table 4.2: canal only; canal and tubewell; tubewell only; tank/bandat (small dams); spring or hill ravines (rod-kohi); karez; sprinkler/drip/central pivot (published only as one combined column); unspecified sources. Unirrigated = sailaba (flood) + barani (rain-fed) + area with irrigation facility not irrigated. lift_pump_area is not reported at area level in the census; the tubewell_area column covers irrigation by tubewell or pump (census questionnaire Part-4). other_irrigation_area is derived: sum of tank/bandat + spring/rod-kohi + karez + unspecified sources.,2024,Table 4.2,"Report footnote: ""0"" = value less than 0.5; ""-"" = no value"
Gujrat District,542550,444562,68969,19466,23439,383197,1114,170,,1138,16038,,17322,2074,66297,598,Modes per Table 4.2: canal only; canal and tubewell; tubewell only; tank/bandat (small dams); spring or hill ravines (rod-kohi); karez; sprinkler/drip/central pivot (published only as one combined column); unspecified sources. Unirrigated = sailaba (flood) + barani (rain-fed) + area with irrigation facility not irrigated. lift_pump_area is not reported at area level in the census; the tubewell_area column covers irrigation by tubewell or pump (census questionnaire Part-4). other_irrigation_area is derived: sum of tank/bandat + spring/rod-kohi + karez + unspecified sources.,2024,Table 4.2,"Report footnote: ""0"" = value less than 0.5; ""-"" = no value"
Hafizabad District,444391,439566,2,12843,135411,289130,1187,,,,995,,2182,,,2,Modes per Table 4.2: canal only; canal and tubewell; tubewell only; tank/bandat (small dams); spring or hill ravines (rod-kohi); karez; sprinkler/drip/central pivot (published only as one combined column); unspecified sources. Unirrigated = sailaba (flood) + barani (rain-fed) + area with irrigation facility not irrigated. lift_pump_area is not reported at area level in the census; the tubewell_area column covers irrigation by tubewell or pump (census questionnaire Part-4). other_irrigation_area is derived: sum of tank/bandat + spring/rod-kohi + karez + unspecified sources.,2024,Table 4.2,"Report footnote: ""0"" = value less than 0.5; ""-"" = no value"
Mandi Bahauddin District,549480,543849,122,36279,209313,296390,,,,547,1320,,1320,26,25,71,Modes per Table 4.2: canal only; canal and tubewell; tubewell only; tank/bandat (small dams); spring or hill ravines (rod-kohi); karez; sprinkler/drip/central pivot (published only as one combined column); unspecified sources. Unirrigated = sailaba (flood) + barani (rain-fed) + area with irrigation facility not irrigated. lift_pump_area is not reported at area level in the census; the tubewell_area column covers irrigation by tubewell or pump (census questionnaire Part-4). other_irrigation_area is derived: sum of tank/bandat + spring/rod-kohi + karez + unspecified sources.,2024,Table 4.2,"Report footnote: ""0"" = value less than 0.5; ""-"" = no value"
Narowal District,426376,393776,21352,6614,19328,363407,1502,,,218,2707,,4209,74,21115,163,Modes per Table 4.2: canal only; canal and tubewell; tubewell only; tank/bandat (small dams); spring or hill ravines (rod-kohi); karez; sprinkler/drip/central pivot (published only as one combined column); unspecified sources. Unirrigated = sailaba (flood) + barani (rain-fed) + area with irrigation facility not irrigated. lift_pump_area is not reported at area level in the census; the tubewell_area column covers irrigation by tubewell or pump (census questionnaire Part-4). other_irrigation_area is derived: sum of tank/bandat + spring/rod-kohi + karez + unspecified sources.,2024,Table 4.2,"Report footnote: ""0"" = value less than 0.5; ""-"" = no value"
Sialkot District,587725,576456,6310,15032,53575,505807,1591,38,,,412,,2041,12,6298,,Modes per Table 4.2: canal only; canal and tubewell; tubewell only; tank/bandat (small dams); spring or hill ravines (rod-kohi); karez; sprinkler/drip/central pivot (published only as one combined column); unspecified sources. Unirrigated = sailaba (flood) + barani (rain-fed) + area with irrigation facility not irrigated. lift_pump_area is not reported at area level in the census; the tubewell_area column covers irrigation by tubewell or pump (census questionnaire Part-4). other_irrigation_area is derived: sum of tank/bandat + spring/rod-kohi + karez + unspecified sources.,2024,Table 4.2,"Report footnote: ""0"" = value less than 0.5; ""-"" = no value"
Kasur District,752945,724703,145,151969,283669,288240,348,,,205,272,,620,88,33,24,Modes per Table 4.2: canal only; canal and tubewell; tubewell only; tank/bandat (small dams); spring or hill ravines (rod-kohi); karez; sprinkler/drip/central pivot (published only as one combined column); unspecified sources. Unirrigated = sailaba (flood) + barani (rain-fed) + area with irrigation facility not irrigated. lift_pump_area is not reported at area level in the census; the tubewell_area column covers irrigation by tubewell or pump (census questionnaire Part-4). other_irrigation_area is derived: sum of tank/bandat + spring/rod-kohi + karez + unspecified sources.,2024,Table 4.2,"Report footnote: ""0"" = value less than 0.5; ""-"" = no value"
Lahore District,147875,131726,4,14022,24982,92699,16,,,,7,,23,,,4,Modes per Table 4.2: canal only; canal and tubewell; tubewell only; tank/bandat (small dams); spring or hill ravines (rod-kohi); karez; sprinkler/drip/central pivot (published only as one combined column); unspecified sources. Unirrigated = sailaba (flood) + barani (rain-fed) + area with irrigation facility not irrigated. lift_pump_area is not reported at area level in the census; the tubewell_area column covers irrigation by tubewell or pump (census questionnaire Part-4). other_irrigation_area is derived: sum of tank/bandat + spring/rod-kohi + karez + unspecified sources.,2024,Table 4.2,"Report footnote: ""0"" = value less than 0.5; ""-"" = no value"
Nankana Sahib District,462575,460475,652,25792,220650,212342,1208,,,,482,,1690,47,605,,Modes per Table 4.2: canal only; canal and tubewell; tubewell only; tank/bandat (small dams); spring or hill ravines (rod-kohi); karez; sprinkler/drip/central pivot (published only as one combined column); unspecified sources. Unirrigated = sailaba (flood) + barani (rain-fed) + area with irrigation facility not irrigated. lift_pump_area is not reported at area level in the census; the tubewell_area column covers irrigation by tubewell or pump (census questionnaire Part-4). other_irrigation_area is derived: sum of tank/bandat + spring/rod-kohi + karez + unspecified sources.,2024,Table 4.2,"Nankana Sahib District is not present in district_master_clean.csv (remote-sensing master covers 34 districts); Report footnote: ""0"" = value less than 0.5; ""-"" = no value"
Sheikhupura District,713371,708871,1030,33079,298527,359996,2171,70,,432,14595,,16836,,1030,,Modes per Table 4.2: canal only; canal and tubewell; tubewell only; tank/bandat (small dams); spring or hill ravines (rod-kohi); karez; sprinkler/drip/central pivot (published only as one combined column); unspecified sources. Unirrigated = sailaba (flood) + barani (rain-fed) + area with irrigation facility not irrigated. lift_pump_area is not reported at area level in the census; the tubewell_area column covers irrigation by tubewell or pump (census questionnaire Part-4). other_irrigation_area is derived: sum of tank/bandat + spring/rod-kohi + karez + unspecified sources.,2024,Table 4.2,"Report footnote: ""0"" = value less than 0.5; ""-"" = no value"
Khanewal District,843405,836232,,145096,638209,52859,,,,,68,,68,,,,Modes per Table 4.2: canal only; canal and tubewell; tubewell only; tank/bandat (small dams); spring or hill ravines (rod-kohi); karez; sprinkler/drip/central pivot (published only as one combined column); unspecified sources. Unirrigated = sailaba (flood) + barani (rain-fed) + area with irrigation facility not irrigated. lift_pump_area is not reported at area level in the census; the tubewell_area column covers irrigation by tubewell or pump (census questionnaire Part-4). other_irrigation_area is derived: sum of tank/bandat + spring/rod-kohi + karez + unspecified sources.,2024,Table 4.2,"Report footnote: ""0"" = value less than 0.5; ""-"" = no value"
Lodhran District,518016,515935,498,23190,418666,72154,1918,,,,7,,1925,452,,46,Modes per Table 4.2: canal only; canal and tubewell; tubewell only; tank/bandat (small dams); spring or hill ravines (rod-kohi); karez; sprinkler/drip/central pivot (published only as one combined column); unspecified sources. Unirrigated = sailaba (flood) + barani (rain-fed) + area with irrigation facility not irrigated. lift_pump_area is not reported at area level in the census; the tubewell_area column covers irrigation by tubewell or pump (census questionnaire Part-4). other_irrigation_area is derived: sum of tank/bandat + spring/rod-kohi + karez + unspecified sources.,2024,Table 4.2,"Report footnote: ""0"" = value less than 0.5; ""-"" = no value"
Multan District,764278,758437,236,77301,539475,141549,25,,,67,20,,45,194,43,,Modes per Table 4.2: canal only; canal and tubewell; tubewell only; tank/bandat (small dams); spring or hill ravines (rod-kohi); karez; sprinkler/drip/central pivot (published only as one combined column); unspecified sources. Unirrigated = sailaba (flood) + barani (rain-fed) + area with irrigation facility not irrigated. lift_pump_area is not reported at area level in the census; the tubewell_area column covers irrigation by tubewell or pump (census questionnaire Part-4). other_irrigation_area is derived: sum of tank/bandat + spring/rod-kohi + karez + unspecified sources.,2024,Table 4.2,"Report footnote: ""0"" = value less than 0.5; ""-"" = no value"
Vehari District,897350,890953,34,100712,681861,100763,7608,,,,10,,7618,,34,,Modes per Table 4.2: canal only; canal and tubewell; tubewell only; tank/bandat (small dams); spring or hill ravines (rod-kohi); karez; sprinkler/drip/central pivot (published only as one combined column); unspecified sources. Unirrigated = sailaba (flood) + barani (rain-fed) + area with irrigation facility not irrigated. lift_pump_area is not reported at area level in the census; the tubewell_area column covers irrigation by tubewell or pump (census questionnaire Part-4). other_irrigation_area is derived: sum of tank/bandat + spring/rod-kohi + karez + unspecified sources.,2024,Table 4.2,"Report footnote: ""0"" = value less than 0.5; ""-"" = no value"
Attock District,843449,337297,469909,20261,9795,153261,6620,323,,13835,133203,,140146,562,466895,2453,Modes per Table 4.2: canal only; canal and tubewell; tubewell only; tank/bandat (small dams); spring or hill ravines (rod-kohi); karez; sprinkler/drip/central pivot (published only as one combined column); unspecified sources. Unirrigated = sailaba (flood) + barani (rain-fed) + area with irrigation facility not irrigated. lift_pump_area is not reported at area level in the census; the tubewell_area column covers irrigation by tubewell or pump (census questionnaire Part-4). other_irrigation_area is derived: sum of tank/bandat + spring/rod-kohi + karez + unspecified sources.,2024,Table 4.2,"Report footnote: ""0"" = value less than 0.5; ""-"" = no value"
Chakwal District,822146,407514,345136,14558,14715,243143,60,3197,,3386,128455,,131712,708,344427,,Modes per Table 4.2: canal only; canal and tubewell; tubewell only; tank/bandat (small dams); spring or hill ravines (rod-kohi); karez; sprinkler/drip/central pivot (published only as one combined column); unspecified sources. Unirrigated = sailaba (flood) + barani (rain-fed) + area with irrigation facility not irrigated. lift_pump_area is not reported at area level in the census; the tubewell_area column covers irrigation by tubewell or pump (census questionnaire Part-4). other_irrigation_area is derived: sum of tank/bandat + spring/rod-kohi + karez + unspecified sources.,2024,Table 4.2,"Report footnote: ""0"" = value less than 0.5; ""-"" = no value"
Jhelum District,361345,224373,112155,12274,8677,147661,12001,1853,,353,41555,,55409,346,111516,293,Modes per Table 4.2: canal only; canal and tubewell; tubewell only; tank/bandat (small dams); spring or hill ravines (rod-kohi); karez; sprinkler/drip/central pivot (published only as one combined column); unspecified sources. Unirrigated = sailaba (flood) + barani (rain-fed) + area with irrigation facility not irrigated. lift_pump_area is not reported at area level in the census; the tubewell_area column covers irrigation by tubewell or pump (census questionnaire Part-4). other_irrigation_area is derived: sum of tank/bandat + spring/rod-kohi + karez + unspecified sources.,2024,Table 4.2,"Report footnote: ""0"" = value less than 0.5; ""-"" = no value"
Rawalpindi District,594765,244629,329100,14046,2643,30872,3976,8389,,1235,183468,,195833,224,328793,84,Modes per Table 4.2: canal only; canal and tubewell; tubewell only; tank/bandat (small dams); spring or hill ravines (rod-kohi); karez; sprinkler/drip/central pivot (published only as one combined column); unspecified sources. Unirrigated = sailaba (flood) + barani (rain-fed) + area with irrigation facility not irrigated. lift_pump_area is not reported at area level in the census; the tubewell_area column covers irrigation by tubewell or pump (census questionnaire Part-4). other_irrigation_area is derived: sum of tank/bandat + spring/rod-kohi + karez + unspecified sources.,2024,Table 4.2,"Report footnote: ""0"" = value less than 0.5; ""-"" = no value"
Okara District,875836,869061,227,139933,576405,150888,470,110,,100,1156,,1736,49,70,108,Modes per Table 4.2: canal only; canal and tubewell; tubewell only; tank/bandat (small dams); spring or hill ravines (rod-kohi); karez; sprinkler/drip/central pivot (published only as one combined column); unspecified sources. Unirrigated = sailaba (flood) + barani (rain-fed) + area with irrigation facility not irrigated. lift_pump_area is not reported at area level in the census; the tubewell_area column covers irrigation by tubewell or pump (census questionnaire Part-4). other_irrigation_area is derived: sum of tank/bandat + spring/rod-kohi + karez + unspecified sources.,2024,Table 4.2,"Report footnote: ""0"" = value less than 0.5; ""-"" = no value"
Pakpattan District,648314,642915,4,36266,485894,110113,10540,26,,76,,,10566,,4,,Modes per Table 4.2: canal only; canal and tubewell; tubewell only; tank/bandat (small dams); spring or hill ravines (rod-kohi); karez; sprinkler/drip/central pivot (published only as one combined column); unspecified sources. Unirrigated = sailaba (flood) + barani (rain-fed) + area with irrigation facility not irrigated. lift_pump_area is not reported at area level in the census; the tubewell_area column covers irrigation by tubewell or pump (census questionnaire Part-4). other_irrigation_area is derived: sum of tank/bandat + spring/rod-kohi + karez + unspecified sources.,2024,Table 4.2,"Report footnote: ""0"" = value less than 0.5; ""-"" = no value"
Sahiwal District,629429,625561,17,64799,510740,49515,474,,,31,2,,476,,,17,Modes per Table 4.2: canal only; canal and tubewell; tubewell only; tank/bandat (small dams); spring or hill ravines (rod-kohi); karez; sprinkler/drip/central pivot (published only as one combined column); unspecified sources. Unirrigated = sailaba (flood) + barani (rain-fed) + area with irrigation facility not irrigated. lift_pump_area is not reported at area level in the census; the tubewell_area column covers irrigation by tubewell or pump (census questionnaire Part-4). other_irrigation_area is derived: sum of tank/bandat + spring/rod-kohi + karez + unspecified sources.,2024,Table 4.2,"Report footnote: ""0"" = value less than 0.5; ""-"" = no value"
Bhakkar District,1771229,1533566,169807,224009,448410,830927,129,3,,830,29260,,29392,1011,168752,44,Modes per Table 4.2: canal only; canal and tubewell; tubewell only; tank/bandat (small dams); spring or hill ravines (rod-kohi); karez; sprinkler/drip/central pivot (published only as one combined column); unspecified sources. Unirrigated = sailaba (flood) + barani (rain-fed) + area with irrigation facility not irrigated. lift_pump_area is not reported at area level in the census; the tubewell_area column covers irrigation by tubewell or pump (census questionnaire Part-4). other_irrigation_area is derived: sum of tank/bandat + spring/rod-kohi + karez + unspecified sources.,2024,Table 4.2,"Report footnote: ""0"" = value less than 0.5; ""-"" = no value"
Khushab District,1016402,711362,255329,219901,120277,334169,1359,5316,,363,29976,,36651,631,253745,953,Modes per Table 4.2: canal only; canal and tubewell; tubewell only; tank/bandat (small dams); spring or hill ravines (rod-kohi); karez; sprinkler/drip/central pivot (published only as one combined column); unspecified sources. Unirrigated = sailaba (flood) + barani (rain-fed) + area with irrigation facility not irrigated. lift_pump_area is not reported at area level in the census; the tubewell_area column covers irrigation by tubewell or pump (census questionnaire Part-4). other_irrigation_area is derived: sum of tank/bandat + spring/rod-kohi + karez + unspecified sources.,2024,Table 4.2,"Report footnote: ""0"" = value less than 0.5; ""-"" = no value"
Mianwali District,675916,623903,31657,144679,97171,369040,6842,,,50,6121,,12963,333,31299,25,Modes per Table 4.2: canal only; canal and tubewell; tubewell only; tank/bandat (small dams); spring or hill ravines (rod-kohi); karez; sprinkler/drip/central pivot (published only as one combined column); unspecified sources. Unirrigated = sailaba (flood) + barani (rain-fed) + area with irrigation facility not irrigated. lift_pump_area is not reported at area level in the census; the tubewell_area column covers irrigation by tubewell or pump (census questionnaire Part-4). other_irrigation_area is derived: sum of tank/bandat + spring/rod-kohi + karez + unspecified sources.,2024,Table 4.2,"Report footnote: ""0"" = value less than 0.5; ""-"" = no value"
Sargodha District,1108835,1083222,807,217844,548163,316395,61,,,153,607,,668,68,563,176,Modes per Table 4.2: canal only; canal and tubewell; tubewell only; tank/bandat (small dams); spring or hill ravines (rod-kohi); karez; sprinkler/drip/central pivot (published only as one combined column); unspecified sources. Unirrigated = sailaba (flood) + barani (rain-fed) + area with irrigation facility not irrigated. lift_pump_area is not reported at area level in the census; the tubewell_area column covers irrigation by tubewell or pump (census questionnaire Part-4). other_irrigation_area is derived: sum of tank/bandat + spring/rod-kohi + karez + unspecified sources.,2024,Table 4.2,"Report footnote: ""0"" = value less than 0.5; ""-"" = no value"
Cholistan Area,253545,248519,205,136239,69788,42490,,,,,1,,1,6,187,12,Modes per Table 4.2: canal only; canal and tubewell; tubewell only; tank/bandat (small dams); spring or hill ravines (rod-kohi); karez; sprinkler/drip/central pivot (published only as one combined column); unspecified sources. Unirrigated = sailaba (flood) + barani (rain-fed) + area with irrigation facility not irrigated. lift_pump_area is not reported at area level in the census; the tubewell_area column covers irrigation by tubewell or pump (census questionnaire Part-4). other_irrigation_area is derived: sum of tank/bandat + spring/rod-kohi + karez + unspecified sources.,2024,Table 4.2,"Cholistan Area is a separate non-district reporting unit within Bahawalpur Division; not present in district_master_clean.csv; Report footnote: ""0"" = value less than 0.5; ""-"" = no value"
