district,animal_type,animal_count,source_year,source_table,notes
Bahawalnagar District,Cattle,890868,2024,Table 7.1,"Head count of animals on census day; Report footnote: ""0"" = value less than 0.5; ""-"" = no value"
Bahawalnagar District,Buffaloes,1050194,2024,Table 7.1,"Head count of animals on census day; Report footnote: ""0"" = value less than 0.5; ""-"" = no value"
Bahawalnagar District,Sheep,342258,2024,Table 7.1,"Head count of animals on census day; Report footnote: ""0"" = value less than 0.5; ""-"" = no value"
Bahawalnagar District,Goats,1123685,2024,Table 7.1,"Head count of animals on census day; Report footnote: ""0"" = value less than 0.5; ""-"" = no value"
Bahawalnagar District,Camels,4902,2024,Table 7.1,"Head count of animals on census day; Report footnote: ""0"" = value less than 0.5; ""-"" = no value"
Bahawalnagar District,Horses,2460,2024,Table 7.1,"Head count of animals on census day; Report footnote: ""0"" = value less than 0.5; ""-"" = no value"
Bahawalnagar District,Mules,2260,2024,Table 7.1,"Head count of animals on census day; Report footnote: ""0"" = value less than 0.5; ""-"" = no value"
Bahawalnagar District,Asses,93605,2024,Table 7.1,"Head count of animals on census day; Report footnote: ""0"" = value less than 0.5; ""-"" = no value"
Bahawalnagar District,Yak/Dzo/Dzomo,,2024,Table 7.1,"Head count of animals on census day; ""-"": no value reported in source; Report footnote: ""0"" = value less than 0.5; ""-"" = no value"
Bahawalpur District,Cattle,843767,2024,Table 7.1,"Head count of animals on census day; Report footnote: ""0"" = value less than 0.5; ""-"" = no value"
Bahawalpur District,Buffaloes,791665,2024,Table 7.1,"Head count of animals on census day; Report footnote: ""0"" = value less than 0.5; ""-"" = no value"
Bahawalpur District,Sheep,190843,2024,Table 7.1,"Head count of animals on census day; Report footnote: ""0"" = value less than 0.5; ""-"" = no value"
Bahawalpur District,Goats,1202666,2024,Table 7.1,"Head count of animals on census day; Report footnote: ""0"" = value less than 0.5; ""-"" = no value"
Bahawalpur District,Camels,3297,2024,Table 7.1,"Head count of animals on census day; Report footnote: ""0"" = value less than 0.5; ""-"" = no value"
Bahawalpur District,Horses,2848,2024,Table 7.1,"Head count of animals on census day; Report footnote: ""0"" = value less than 0.5; ""-"" = no value"
Bahawalpur District,Mules,2003,2024,Table 7.1,"Head count of animals on census day; Report footnote: ""0"" = value less than 0.5; ""-"" = no value"
Bahawalpur District,Asses,43813,2024,Table 7.1,"Head count of animals on census day; Report footnote: ""0"" = value less than 0.5; ""-"" = no value"
Bahawalpur District,Yak/Dzo/Dzomo,,2024,Table 7.1,"Head count of animals on census day; ""-"": no value reported in source; Report footnote: ""0"" = value less than 0.5; ""-"" = no value"
Rahim Yar Khan District,Cattle,692971,2024,Table 7.1,"Head count of animals on census day; Report footnote: ""0"" = value less than 0.5; ""-"" = no value"
Rahim Yar Khan District,Buffaloes,1106234,2024,Table 7.1,"Head count of animals on census day; Report footnote: ""0"" = value less than 0.5; ""-"" = no value"
Rahim Yar Khan District,Sheep,197015,2024,Table 7.1,"Head count of animals on census day; Report footnote: ""0"" = value less than 0.5; ""-"" = no value"
Rahim Yar Khan District,Goats,1557410,2024,Table 7.1,"Head count of animals on census day; Report footnote: ""0"" = value less than 0.5; ""-"" = no value"
Rahim Yar Khan District,Camels,9888,2024,Table 7.1,"Head count of animals on census day; Report footnote: ""0"" = value less than 0.5; ""-"" = no value"
Rahim Yar Khan District,Horses,534,2024,Table 7.1,"Head count of animals on census day; Report footnote: ""0"" = value less than 0.5; ""-"" = no value"
Rahim Yar Khan District,Mules,4546,2024,Table 7.1,"Head count of animals on census day; Report footnote: ""0"" = value less than 0.5; ""-"" = no value"
Rahim Yar Khan District,Asses,86323,2024,Table 7.1,"Head count of animals on census day; Report footnote: ""0"" = value less than 0.5; ""-"" = no value"
Rahim Yar Khan District,Yak/Dzo/Dzomo,,2024,Table 7.1,"Head count of animals on census day; ""-"": no value reported in source; Report footnote: ""0"" = value less than 0.5; ""-"" = no value"
Dera Ghazi Khan District,Cattle,1523405,2024,Table 7.1,"Head count of animals on census day; Report footnote: ""0"" = value less than 0.5; ""-"" = no value"
Dera Ghazi Khan District,Buffaloes,320962,2024,Table 7.1,"Head count of animals on census day; Report footnote: ""0"" = value less than 0.5; ""-"" = no value"
Dera Ghazi Khan District,Sheep,5099910,2024,Table 7.1,"Head count of animals on census day; Report footnote: ""0"" = value less than 0.5; ""-"" = no value"
Dera Ghazi Khan District,Goats,6293816,2024,Table 7.1,"Head count of animals on census day; Report footnote: ""0"" = value less than 0.5; ""-"" = no value"
Dera Ghazi Khan District,Camels,32076,2024,Table 7.1,"Head count of animals on census day; Report footnote: ""0"" = value less than 0.5; ""-"" = no value"
Dera Ghazi Khan District,Horses,6109,2024,Table 7.1,"Head count of animals on census day; Report footnote: ""0"" = value less than 0.5; ""-"" = no value"
Dera Ghazi Khan District,Mules,710,2024,Table 7.1,"Head count of animals on census day; Report footnote: ""0"" = value less than 0.5; ""-"" = no value"
Dera Ghazi Khan District,Asses,71137,2024,Table 7.1,"Head count of animals on census day; Report footnote: ""0"" = value less than 0.5; ""-"" = no value"
Dera Ghazi Khan District,Yak/Dzo/Dzomo,,2024,Table 7.1,"Head count of animals on census day; ""-"": no value reported in source; Report footnote: ""0"" = value less than 0.5; ""-"" = no value"
Layyah District,Cattle,1067314,2024,Table 7.1,"Head count of animals on census day; Report footnote: ""0"" = value less than 0.5; ""-"" = no value"
Layyah District,Buffaloes,522919,2024,Table 7.1,"Head count of animals on census day; Report footnote: ""0"" = value less than 0.5; ""-"" = no value"
Layyah District,Sheep,866810,2024,Table 7.1,"Head count of animals on census day; Report footnote: ""0"" = value less than 0.5; ""-"" = no value"
Layyah District,Goats,1129233,2024,Table 7.1,"Head count of animals on census day; Report footnote: ""0"" = value less than 0.5; ""-"" = no value"
Layyah District,Camels,21797,2024,Table 7.1,"Head count of animals on census day; Report footnote: ""0"" = value less than 0.5; ""-"" = no value"
Layyah District,Horses,5150,2024,Table 7.1,"Head count of animals on census day; Report footnote: ""0"" = value less than 0.5; ""-"" = no value"
Layyah District,Mules,4220,2024,Table 7.1,"Head count of animals on census day; Report footnote: ""0"" = value less than 0.5; ""-"" = no value"
Layyah District,Asses,53997,2024,Table 7.1,"Head count of animals on census day; Report footnote: ""0"" = value less than 0.5; ""-"" = no value"
Layyah District,Yak/Dzo/Dzomo,,2024,Table 7.1,"Head count of animals on census day; ""-"": no value reported in source; Report footnote: ""0"" = value less than 0.5; ""-"" = no value"
Muzaffargarh District,Cattle,1923757,2024,Table 7.1,"Head count of animals on census day; Report footnote: ""0"" = value less than 0.5; ""-"" = no value"
Muzaffargarh District,Buffaloes,1046628,2024,Table 7.1,"Head count of animals on census day; Report footnote: ""0"" = value less than 0.5; ""-"" = no value"
Muzaffargarh District,Sheep,555675,2024,Table 7.1,"Head count of animals on census day; Report footnote: ""0"" = value less than 0.5; ""-"" = no value"
Muzaffargarh District,Goats,1555388,2024,Table 7.1,"Head count of animals on census day; Report footnote: ""0"" = value less than 0.5; ""-"" = no value"
Muzaffargarh District,Camels,12003,2024,Table 7.1,"Head count of animals on census day; Report footnote: ""0"" = value less than 0.5; ""-"" = no value"
Muzaffargarh District,Horses,4613,2024,Table 7.1,"Head count of animals on census day; Report footnote: ""0"" = value less than 0.5; ""-"" = no value"
Muzaffargarh District,Mules,1355,2024,Table 7.1,"Head count of animals on census day; Report footnote: ""0"" = value less than 0.5; ""-"" = no value"
Muzaffargarh District,Asses,42807,2024,Table 7.1,"Head count of animals on census day; Report footnote: ""0"" = value less than 0.5; ""-"" = no value"
Muzaffargarh District,Yak/Dzo/Dzomo,,2024,Table 7.1,"Head count of animals on census day; ""-"": no value reported in source; Report footnote: ""0"" = value less than 0.5; ""-"" = no value"
Rajanpur District,Cattle,844061,2024,Table 7.1,"Head count of animals on census day; Report footnote: ""0"" = value less than 0.5; ""-"" = no value"
Rajanpur District,Buffaloes,364448,2024,Table 7.1,"Head count of animals on census day; Report footnote: ""0"" = value less than 0.5; ""-"" = no value"
Rajanpur District,Sheep,394887,2024,Table 7.1,"Head count of animals on census day; Report footnote: ""0"" = value less than 0.5; ""-"" = no value"
Rajanpur District,Goats,1081918,2024,Table 7.1,"Head count of animals on census day; Report footnote: ""0"" = value less than 0.5; ""-"" = no value"
Rajanpur District,Camels,24751,2024,Table 7.1,"Head count of animals on census day; Report footnote: ""0"" = value less than 0.5; ""-"" = no value"
Rajanpur District,Horses,10422,2024,Table 7.1,"Head count of animals on census day; Report footnote: ""0"" = value less than 0.5; ""-"" = no value"
Rajanpur District,Mules,2540,2024,Table 7.1,"Head count of animals on census day; Report footnote: ""0"" = value less than 0.5; ""-"" = no value"
Rajanpur District,Asses,93742,2024,Table 7.1,"Head count of animals on census day; Report footnote: ""0"" = value less than 0.5; ""-"" = no value"
Rajanpur District,Yak/Dzo/Dzomo,,2024,Table 7.1,"Head count of animals on census day; ""-"": no value reported in source; Report footnote: ""0"" = value less than 0.5; ""-"" = no value"
Chiniot District,Cattle,498923,2024,Table 7.1,"Chiniot District is not present in district_master_clean.csv (remote-sensing master covers 34 districts); Head count of animals on census day; Report footnote: ""0"" = value less than 0.5; ""-"" = no value"
Chiniot District,Buffaloes,1176510,2024,Table 7.1,"Chiniot District is not present in district_master_clean.csv (remote-sensing master covers 34 districts); Head count of animals on census day; Report footnote: ""0"" = value less than 0.5; ""-"" = no value"
Chiniot District,Sheep,38848,2024,Table 7.1,"Chiniot District is not present in district_master_clean.csv (remote-sensing master covers 34 districts); Head count of animals on census day; Report footnote: ""0"" = value less than 0.5; ""-"" = no value"
Chiniot District,Goats,166965,2024,Table 7.1,"Chiniot District is not present in district_master_clean.csv (remote-sensing master covers 34 districts); Head count of animals on census day; Report footnote: ""0"" = value less than 0.5; ""-"" = no value"
Chiniot District,Camels,2768,2024,Table 7.1,"Chiniot District is not present in district_master_clean.csv (remote-sensing master covers 34 districts); Head count of animals on census day; Report footnote: ""0"" = value less than 0.5; ""-"" = no value"
Chiniot District,Horses,2826,2024,Table 7.1,"Chiniot District is not present in district_master_clean.csv (remote-sensing master covers 34 districts); Head count of animals on census day; Report footnote: ""0"" = value less than 0.5; ""-"" = no value"
Chiniot District,Mules,2887,2024,Table 7.1,"Chiniot District is not present in district_master_clean.csv (remote-sensing master covers 34 districts); Head count of animals on census day; Report footnote: ""0"" = value less than 0.5; ""-"" = no value"
Chiniot District,Asses,46371,2024,Table 7.1,"Chiniot District is not present in district_master_clean.csv (remote-sensing master covers 34 districts); Head count of animals on census day; Report footnote: ""0"" = value less than 0.5; ""-"" = no value"
Chiniot District,Yak/Dzo/Dzomo,,2024,Table 7.1,"Chiniot District is not present in district_master_clean.csv (remote-sensing master covers 34 districts); Head count of animals on census day; ""-"": no value reported in source; Report footnote: ""0"" = value less than 0.5; ""-"" = no value"
Faisalabad District,Cattle,1365937,2024,Table 7.1,"Head count of animals on census day; Report footnote: ""0"" = value less than 0.5; ""-"" = no value"
Faisalabad District,Buffaloes,2181720,2024,Table 7.1,"Head count of animals on census day; Report footnote: ""0"" = value less than 0.5; ""-"" = no value"
Faisalabad District,Sheep,62000,2024,Table 7.1,"Head count of animals on census day; Report footnote: ""0"" = value less than 0.5; ""-"" = no value"
Faisalabad District,Goats,1022261,2024,Table 7.1,"Head count of animals on census day; Report footnote: ""0"" = value less than 0.5; ""-"" = no value"
Faisalabad District,Camels,3259,2024,Table 7.1,"Head count of animals on census day; Report footnote: ""0"" = value less than 0.5; ""-"" = no value"
Faisalabad District,Horses,19660,2024,Table 7.1,"Head count of animals on census day; Report footnote: ""0"" = value less than 0.5; ""-"" = no value"
Faisalabad District,Mules,6185,2024,Table 7.1,"Head count of animals on census day; Report footnote: ""0"" = value less than 0.5; ""-"" = no value"
Faisalabad District,Asses,132695,2024,Table 7.1,"Head count of animals on census day; Report footnote: ""0"" = value less than 0.5; ""-"" = no value"
Faisalabad District,Yak/Dzo/Dzomo,,2024,Table 7.1,"Head count of animals on census day; ""-"": no value reported in source; Report footnote: ""0"" = value less than 0.5; ""-"" = no value"
Jhang District,Cattle,975596,2024,Table 7.1,"Head count of animals on census day; Report footnote: ""0"" = value less than 0.5; ""-"" = no value"
Jhang District,Buffaloes,1679683,2024,Table 7.1,"Head count of animals on census day; Report footnote: ""0"" = value less than 0.5; ""-"" = no value"
Jhang District,Sheep,564925,2024,Table 7.1,"Head count of animals on census day; Report footnote: ""0"" = value less than 0.5; ""-"" = no value"
Jhang District,Goats,1008365,2024,Table 7.1,"Head count of animals on census day; Report footnote: ""0"" = value less than 0.5; ""-"" = no value"
Jhang District,Camels,8109,2024,Table 7.1,"Head count of animals on census day; Report footnote: ""0"" = value less than 0.5; ""-"" = no value"
Jhang District,Horses,25416,2024,Table 7.1,"Head count of animals on census day; Report footnote: ""0"" = value less than 0.5; ""-"" = no value"
Jhang District,Mules,6160,2024,Table 7.1,"Head count of animals on census day; Report footnote: ""0"" = value less than 0.5; ""-"" = no value"
Jhang District,Asses,173934,2024,Table 7.1,"Head count of animals on census day; Report footnote: ""0"" = value less than 0.5; ""-"" = no value"
Jhang District,Yak/Dzo/Dzomo,,2024,Table 7.1,"Head count of animals on census day; ""-"": no value reported in source; Report footnote: ""0"" = value less than 0.5; ""-"" = no value"
Toba Tek Singh District,Cattle,542966,2024,Table 7.1,"Head count of animals on census day; Report footnote: ""0"" = value less than 0.5; ""-"" = no value"
Toba Tek Singh District,Buffaloes,841821,2024,Table 7.1,"Head count of animals on census day; Report footnote: ""0"" = value less than 0.5; ""-"" = no value"
Toba Tek Singh District,Sheep,62957,2024,Table 7.1,"Head count of animals on census day; Report footnote: ""0"" = value less than 0.5; ""-"" = no value"
Toba Tek Singh District,Goats,537611,2024,Table 7.1,"Head count of animals on census day; Report footnote: ""0"" = value less than 0.5; ""-"" = no value"
Toba Tek Singh District,Camels,1254,2024,Table 7.1,"Head count of animals on census day; Report footnote: ""0"" = value less than 0.5; ""-"" = no value"
Toba Tek Singh District,Horses,3529,2024,Table 7.1,"Head count of animals on census day; Report footnote: ""0"" = value less than 0.5; ""-"" = no value"
Toba Tek Singh District,Mules,1501,2024,Table 7.1,"Head count of animals on census day; Report footnote: ""0"" = value less than 0.5; ""-"" = no value"
Toba Tek Singh District,Asses,41995,2024,Table 7.1,"Head count of animals on census day; Report footnote: ""0"" = value less than 0.5; ""-"" = no value"
Toba Tek Singh District,Yak/Dzo/Dzomo,,2024,Table 7.1,"Head count of animals on census day; ""-"": no value reported in source; Report footnote: ""0"" = value less than 0.5; ""-"" = no value"
Gujranwala District,Cattle,301423,2024,Table 7.1,"Head count of animals on census day; Report footnote: ""0"" = value less than 0.5; ""-"" = no value"
Gujranwala District,Buffaloes,1063098,2024,Table 7.1,"Head count of animals on census day; Report footnote: ""0"" = value less than 0.5; ""-"" = no value"
Gujranwala District,Sheep,121242,2024,Table 7.1,"Head count of animals on census day; Report footnote: ""0"" = value less than 0.5; ""-"" = no value"
Gujranwala District,Goats,174682,2024,Table 7.1,"Head count of animals on census day; Report footnote: ""0"" = value less than 0.5; ""-"" = no value"
Gujranwala District,Camels,687,2024,Table 7.1,"Head count of animals on census day; Report footnote: ""0"" = value less than 0.5; ""-"" = no value"
Gujranwala District,Horses,9438,2024,Table 7.1,"Head count of animals on census day; Report footnote: ""0"" = value less than 0.5; ""-"" = no value"
Gujranwala District,Mules,4059,2024,Table 7.1,"Head count of animals on census day; Report footnote: ""0"" = value less than 0.5; ""-"" = no value"
Gujranwala District,Asses,66953,2024,Table 7.1,"Head count of animals on census day; Report footnote: ""0"" = value less than 0.5; ""-"" = no value"
Gujranwala District,Yak/Dzo/Dzomo,,2024,Table 7.1,"Head count of animals on census day; ""-"": no value reported in source; Report footnote: ""0"" = value less than 0.5; ""-"" = no value"
Gujrat District,Cattle,336481,2024,Table 7.1,"Head count of animals on census day; Report footnote: ""0"" = value less than 0.5; ""-"" = no value"
Gujrat District,Buffaloes,867261,2024,Table 7.1,"Head count of animals on census day; Report footnote: ""0"" = value less than 0.5; ""-"" = no value"
Gujrat District,Sheep,75678,2024,Table 7.1,"Head count of animals on census day; Report footnote: ""0"" = value less than 0.5; ""-"" = no value"
Gujrat District,Goats,291700,2024,Table 7.1,"Head count of animals on census day; Report footnote: ""0"" = value less than 0.5; ""-"" = no value"
Gujrat District,Camels,1230,2024,Table 7.1,"Head count of animals on census day; Report footnote: ""0"" = value less than 0.5; ""-"" = no value"
Gujrat District,Horses,18531,2024,Table 7.1,"Head count of animals on census day; Report footnote: ""0"" = value less than 0.5; ""-"" = no value"
Gujrat District,Mules,2604,2024,Table 7.1,"Head count of animals on census day; Report footnote: ""0"" = value less than 0.5; ""-"" = no value"
Gujrat District,Asses,76430,2024,Table 7.1,"Head count of animals on census day; Report footnote: ""0"" = value less than 0.5; ""-"" = no value"
Gujrat District,Yak/Dzo/Dzomo,,2024,Table 7.1,"Head count of animals on census day; ""-"": no value reported in source; Report footnote: ""0"" = value less than 0.5; ""-"" = no value"
Hafizabad District,Cattle,221967,2024,Table 7.1,"Head count of animals on census day; Report footnote: ""0"" = value less than 0.5; ""-"" = no value"
Hafizabad District,Buffaloes,839679,2024,Table 7.1,"Head count of animals on census day; Report footnote: ""0"" = value less than 0.5; ""-"" = no value"
Hafizabad District,Sheep,33493,2024,Table 7.1,"Head count of animals on census day; Report footnote: ""0"" = value less than 0.5; ""-"" = no value"
Hafizabad District,Goats,115706,2024,Table 7.1,"Head count of animals on census day; Report footnote: ""0"" = value less than 0.5; ""-"" = no value"
Hafizabad District,Camels,437,2024,Table 7.1,"Head count of animals on census day; Report footnote: ""0"" = value less than 0.5; ""-"" = no value"
Hafizabad District,Horses,4104,2024,Table 7.1,"Head count of animals on census day; Report footnote: ""0"" = value less than 0.5; ""-"" = no value"
Hafizabad District,Mules,2752,2024,Table 7.1,"Head count of animals on census day; Report footnote: ""0"" = value less than 0.5; ""-"" = no value"
Hafizabad District,Asses,47299,2024,Table 7.1,"Head count of animals on census day; Report footnote: ""0"" = value less than 0.5; ""-"" = no value"
Hafizabad District,Yak/Dzo/Dzomo,,2024,Table 7.1,"Head count of animals on census day; ""-"": no value reported in source; Report footnote: ""0"" = value less than 0.5; ""-"" = no value"
Mandi Bahauddin District,Cattle,251767,2024,Table 7.1,"Head count of animals on census day; Report footnote: ""0"" = value less than 0.5; ""-"" = no value"
Mandi Bahauddin District,Buffaloes,971705,2024,Table 7.1,"Head count of animals on census day; Report footnote: ""0"" = value less than 0.5; ""-"" = no value"
Mandi Bahauddin District,Sheep,26605,2024,Table 7.1,"Head count of animals on census day; Report footnote: ""0"" = value less than 0.5; ""-"" = no value"
Mandi Bahauddin District,Goats,183162,2024,Table 7.1,"Head count of animals on census day; Report footnote: ""0"" = value less than 0.5; ""-"" = no value"
Mandi Bahauddin District,Camels,1458,2024,Table 7.1,"Head count of animals on census day; Report footnote: ""0"" = value less than 0.5; ""-"" = no value"
Mandi Bahauddin District,Horses,8229,2024,Table 7.1,"Head count of animals on census day; Report footnote: ""0"" = value less than 0.5; ""-"" = no value"
Mandi Bahauddin District,Mules,3731,2024,Table 7.1,"Head count of animals on census day; Report footnote: ""0"" = value less than 0.5; ""-"" = no value"
Mandi Bahauddin District,Asses,71387,2024,Table 7.1,"Head count of animals on census day; Report footnote: ""0"" = value less than 0.5; ""-"" = no value"
Mandi Bahauddin District,Yak/Dzo/Dzomo,,2024,Table 7.1,"Head count of animals on census day; ""-"": no value reported in source; Report footnote: ""0"" = value less than 0.5; ""-"" = no value"
Narowal District,Cattle,209438,2024,Table 7.1,"Head count of animals on census day; Report footnote: ""0"" = value less than 0.5; ""-"" = no value"
Narowal District,Buffaloes,577620,2024,Table 7.1,"Head count of animals on census day; Report footnote: ""0"" = value less than 0.5; ""-"" = no value"
Narowal District,Sheep,35845,2024,Table 7.1,"Head count of animals on census day; Report footnote: ""0"" = value less than 0.5; ""-"" = no value"
Narowal District,Goats,178257,2024,Table 7.1,"Head count of animals on census day; Report footnote: ""0"" = value less than 0.5; ""-"" = no value"
Narowal District,Camels,966,2024,Table 7.1,"Head count of animals on census day; Report footnote: ""0"" = value less than 0.5; ""-"" = no value"
Narowal District,Horses,3514,2024,Table 7.1,"Head count of animals on census day; Report footnote: ""0"" = value less than 0.5; ""-"" = no value"
Narowal District,Mules,2498,2024,Table 7.1,"Head count of animals on census day; Report footnote: ""0"" = value less than 0.5; ""-"" = no value"
Narowal District,Asses,67805,2024,Table 7.1,"Head count of animals on census day; Report footnote: ""0"" = value less than 0.5; ""-"" = no value"
Narowal District,Yak/Dzo/Dzomo,,2024,Table 7.1,"Head count of animals on census day; ""-"": no value reported in source; Report footnote: ""0"" = value less than 0.5; ""-"" = no value"
Sialkot District,Cattle,380349,2024,Table 7.1,"Head count of animals on census day; Report footnote: ""0"" = value less than 0.5; ""-"" = no value"
Sialkot District,Buffaloes,975293,2024,Table 7.1,"Head count of animals on census day; Report footnote: ""0"" = value less than 0.5; ""-"" = no value"
Sialkot District,Sheep,144907,2024,Table 7.1,"Head count of animals on census day; Report footnote: ""0"" = value less than 0.5; ""-"" = no value"
Sialkot District,Goats,181118,2024,Table 7.1,"Head count of animals on census day; Report footnote: ""0"" = value less than 0.5; ""-"" = no value"
Sialkot District,Camels,8,2024,Table 7.1,"Head count of animals on census day; Report footnote: ""0"" = value less than 0.5; ""-"" = no value"
Sialkot District,Horses,8041,2024,Table 7.1,"Head count of animals on census day; Report footnote: ""0"" = value less than 0.5; ""-"" = no value"
Sialkot District,Mules,2730,2024,Table 7.1,"Head count of animals on census day; Report footnote: ""0"" = value less than 0.5; ""-"" = no value"
Sialkot District,Asses,66597,2024,Table 7.1,"Head count of animals on census day; Report footnote: ""0"" = value less than 0.5; ""-"" = no value"
Sialkot District,Yak/Dzo/Dzomo,,2024,Table 7.1,"Head count of animals on census day; ""-"": no value reported in source; Report footnote: ""0"" = value less than 0.5; ""-"" = no value"
Kasur District,Cattle,570568,2024,Table 7.1,"Head count of animals on census day; Report footnote: ""0"" = value less than 0.5; ""-"" = no value"
Kasur District,Buffaloes,1141208,2024,Table 7.1,"Head count of animals on census day; Report footnote: ""0"" = value less than 0.5; ""-"" = no value"
Kasur District,Sheep,126609,2024,Table 7.1,"Head count of animals on census day; Report footnote: ""0"" = value less than 0.5; ""-"" = no value"
Kasur District,Goats,451891,2024,Table 7.1,"Head count of animals on census day; Report footnote: ""0"" = value less than 0.5; ""-"" = no value"
Kasur District,Camels,112,2024,Table 7.1,"Head count of animals on census day; Report footnote: ""0"" = value less than 0.5; ""-"" = no value"
Kasur District,Horses,6104,2024,Table 7.1,"Head count of animals on census day; Report footnote: ""0"" = value less than 0.5; ""-"" = no value"
Kasur District,Mules,4318,2024,Table 7.1,"Head count of animals on census day; Report footnote: ""0"" = value less than 0.5; ""-"" = no value"
Kasur District,Asses,112947,2024,Table 7.1,"Head count of animals on census day; Report footnote: ""0"" = value less than 0.5; ""-"" = no value"
Kasur District,Yak/Dzo/Dzomo,,2024,Table 7.1,"Head count of animals on census day; ""-"": no value reported in source; Report footnote: ""0"" = value less than 0.5; ""-"" = no value"
Lahore District,Cattle,843738,2024,Table 7.1,"Head count of animals on census day; Report footnote: ""0"" = value less than 0.5; ""-"" = no value"
Lahore District,Buffaloes,1068231,2024,Table 7.1,"Head count of animals on census day; Report footnote: ""0"" = value less than 0.5; ""-"" = no value"
Lahore District,Sheep,83353,2024,Table 7.1,"Head count of animals on census day; Report footnote: ""0"" = value less than 0.5; ""-"" = no value"
Lahore District,Goats,175230,2024,Table 7.1,"Head count of animals on census day; Report footnote: ""0"" = value less than 0.5; ""-"" = no value"
Lahore District,Camels,883,2024,Table 7.1,"Head count of animals on census day; Report footnote: ""0"" = value less than 0.5; ""-"" = no value"
Lahore District,Horses,13798,2024,Table 7.1,"Head count of animals on census day; Report footnote: ""0"" = value less than 0.5; ""-"" = no value"
Lahore District,Mules,448,2024,Table 7.1,"Head count of animals on census day; Report footnote: ""0"" = value less than 0.5; ""-"" = no value"
Lahore District,Asses,45235,2024,Table 7.1,"Head count of animals on census day; Report footnote: ""0"" = value less than 0.5; ""-"" = no value"
Lahore District,Yak/Dzo/Dzomo,,2024,Table 7.1,"Head count of animals on census day; ""-"": no value reported in source; Report footnote: ""0"" = value less than 0.5; ""-"" = no value"
Nankana Sahib District,Cattle,196278,2024,Table 7.1,"Nankana Sahib District is not present in district_master_clean.csv (remote-sensing master covers 34 districts); Head count of animals on census day; Report footnote: ""0"" = value less than 0.5; ""-"" = no value"
Nankana Sahib District,Buffaloes,660777,2024,Table 7.1,"Nankana Sahib District is not present in district_master_clean.csv (remote-sensing master covers 34 districts); Head count of animals on census day; Report footnote: ""0"" = value less than 0.5; ""-"" = no value"
Nankana Sahib District,Sheep,52238,2024,Table 7.1,"Nankana Sahib District is not present in district_master_clean.csv (remote-sensing master covers 34 districts); Head count of animals on census day; Report footnote: ""0"" = value less than 0.5; ""-"" = no value"
Nankana Sahib District,Goats,257689,2024,Table 7.1,"Nankana Sahib District is not present in district_master_clean.csv (remote-sensing master covers 34 districts); Head count of animals on census day; Report footnote: ""0"" = value less than 0.5; ""-"" = no value"
Nankana Sahib District,Camels,1738,2024,Table 7.1,"Nankana Sahib District is not present in district_master_clean.csv (remote-sensing master covers 34 districts); Head count of animals on census day; Report footnote: ""0"" = value less than 0.5; ""-"" = no value"
Nankana Sahib District,Horses,6319,2024,Table 7.1,"Nankana Sahib District is not present in district_master_clean.csv (remote-sensing master covers 34 districts); Head count of animals on census day; Report footnote: ""0"" = value less than 0.5; ""-"" = no value"
Nankana Sahib District,Mules,2151,2024,Table 7.1,"Nankana Sahib District is not present in district_master_clean.csv (remote-sensing master covers 34 districts); Head count of animals on census day; Report footnote: ""0"" = value less than 0.5; ""-"" = no value"
Nankana Sahib District,Asses,54960,2024,Table 7.1,"Nankana Sahib District is not present in district_master_clean.csv (remote-sensing master covers 34 districts); Head count of animals on census day; Report footnote: ""0"" = value less than 0.5; ""-"" = no value"
Nankana Sahib District,Yak/Dzo/Dzomo,,2024,Table 7.1,"Nankana Sahib District is not present in district_master_clean.csv (remote-sensing master covers 34 districts); Head count of animals on census day; ""-"": no value reported in source; Report footnote: ""0"" = value less than 0.5; ""-"" = no value"
Sheikhupura District,Cattle,565431,2024,Table 7.1,"Head count of animals on census day; Report footnote: ""0"" = value less than 0.5; ""-"" = no value"
Sheikhupura District,Buffaloes,800549,2024,Table 7.1,"Head count of animals on census day; Report footnote: ""0"" = value less than 0.5; ""-"" = no value"
Sheikhupura District,Sheep,144839,2024,Table 7.1,"Head count of animals on census day; Report footnote: ""0"" = value less than 0.5; ""-"" = no value"
Sheikhupura District,Goats,258998,2024,Table 7.1,"Head count of animals on census day; Report footnote: ""0"" = value less than 0.5; ""-"" = no value"
Sheikhupura District,Camels,338,2024,Table 7.1,"Head count of animals on census day; Report footnote: ""0"" = value less than 0.5; ""-"" = no value"
Sheikhupura District,Horses,5989,2024,Table 7.1,"Head count of animals on census day; Report footnote: ""0"" = value less than 0.5; ""-"" = no value"
Sheikhupura District,Mules,4249,2024,Table 7.1,"Head count of animals on census day; Report footnote: ""0"" = value less than 0.5; ""-"" = no value"
Sheikhupura District,Asses,64869,2024,Table 7.1,"Head count of animals on census day; Report footnote: ""0"" = value less than 0.5; ""-"" = no value"
Sheikhupura District,Yak/Dzo/Dzomo,,2024,Table 7.1,"Head count of animals on census day; ""-"": no value reported in source; Report footnote: ""0"" = value less than 0.5; ""-"" = no value"
Khanewal District,Cattle,671362,2024,Table 7.1,"Head count of animals on census day; Report footnote: ""0"" = value less than 0.5; ""-"" = no value"
Khanewal District,Buffaloes,767342,2024,Table 7.1,"Head count of animals on census day; Report footnote: ""0"" = value less than 0.5; ""-"" = no value"
Khanewal District,Sheep,222400,2024,Table 7.1,"Head count of animals on census day; Report footnote: ""0"" = value less than 0.5; ""-"" = no value"
Khanewal District,Goats,898295,2024,Table 7.1,"Head count of animals on census day; Report footnote: ""0"" = value less than 0.5; ""-"" = no value"
Khanewal District,Camels,158,2024,Table 7.1,"Head count of animals on census day; Report footnote: ""0"" = value less than 0.5; ""-"" = no value"
Khanewal District,Horses,5856,2024,Table 7.1,"Head count of animals on census day; Report footnote: ""0"" = value less than 0.5; ""-"" = no value"
Khanewal District,Mules,231,2024,Table 7.1,"Head count of animals on census day; Report footnote: ""0"" = value less than 0.5; ""-"" = no value"
Khanewal District,Asses,36804,2024,Table 7.1,"Head count of animals on census day; Report footnote: ""0"" = value less than 0.5; ""-"" = no value"
Khanewal District,Yak/Dzo/Dzomo,,2024,Table 7.1,"Head count of animals on census day; ""-"": no value reported in source; Report footnote: ""0"" = value less than 0.5; ""-"" = no value"
Lodhran District,Cattle,565585,2024,Table 7.1,"Head count of animals on census day; Report footnote: ""0"" = value less than 0.5; ""-"" = no value"
Lodhran District,Buffaloes,311780,2024,Table 7.1,"Head count of animals on census day; Report footnote: ""0"" = value less than 0.5; ""-"" = no value"
Lodhran District,Sheep,50406,2024,Table 7.1,"Head count of animals on census day; Report footnote: ""0"" = value less than 0.5; ""-"" = no value"
Lodhran District,Goats,497829,2024,Table 7.1,"Head count of animals on census day; Report footnote: ""0"" = value less than 0.5; ""-"" = no value"
Lodhran District,Camels,1196,2024,Table 7.1,"Head count of animals on census day; Report footnote: ""0"" = value less than 0.5; ""-"" = no value"
Lodhran District,Horses,1822,2024,Table 7.1,"Head count of animals on census day; Report footnote: ""0"" = value less than 0.5; ""-"" = no value"
Lodhran District,Mules,402,2024,Table 7.1,"Head count of animals on census day; Report footnote: ""0"" = value less than 0.5; ""-"" = no value"
Lodhran District,Asses,6150,2024,Table 7.1,"Head count of animals on census day; Report footnote: ""0"" = value less than 0.5; ""-"" = no value"
Lodhran District,Yak/Dzo/Dzomo,,2024,Table 7.1,"Head count of animals on census day; ""-"": no value reported in source; Report footnote: ""0"" = value less than 0.5; ""-"" = no value"
Multan District,Cattle,780512,2024,Table 7.1,"Head count of animals on census day; Report footnote: ""0"" = value less than 0.5; ""-"" = no value"
Multan District,Buffaloes,618250,2024,Table 7.1,"Head count of animals on census day; Report footnote: ""0"" = value less than 0.5; ""-"" = no value"
Multan District,Sheep,115575,2024,Table 7.1,"Head count of animals on census day; Report footnote: ""0"" = value less than 0.5; ""-"" = no value"
Multan District,Goats,782864,2024,Table 7.1,"Head count of animals on census day; Report footnote: ""0"" = value less than 0.5; ""-"" = no value"
Multan District,Camels,3946,2024,Table 7.1,"Head count of animals on census day; Report footnote: ""0"" = value less than 0.5; ""-"" = no value"
Multan District,Horses,2701,2024,Table 7.1,"Head count of animals on census day; Report footnote: ""0"" = value less than 0.5; ""-"" = no value"
Multan District,Mules,897,2024,Table 7.1,"Head count of animals on census day; Report footnote: ""0"" = value less than 0.5; ""-"" = no value"
Multan District,Asses,16958,2024,Table 7.1,"Head count of animals on census day; Report footnote: ""0"" = value less than 0.5; ""-"" = no value"
Multan District,Yak/Dzo/Dzomo,,2024,Table 7.1,"Head count of animals on census day; ""-"": no value reported in source; Report footnote: ""0"" = value less than 0.5; ""-"" = no value"
Vehari District,Cattle,640471,2024,Table 7.1,"Head count of animals on census day; Report footnote: ""0"" = value less than 0.5; ""-"" = no value"
Vehari District,Buffaloes,955324,2024,Table 7.1,"Head count of animals on census day; Report footnote: ""0"" = value less than 0.5; ""-"" = no value"
Vehari District,Sheep,159410,2024,Table 7.1,"Head count of animals on census day; Report footnote: ""0"" = value less than 0.5; ""-"" = no value"
Vehari District,Goats,781597,2024,Table 7.1,"Head count of animals on census day; Report footnote: ""0"" = value less than 0.5; ""-"" = no value"
Vehari District,Camels,1316,2024,Table 7.1,"Head count of animals on census day; Report footnote: ""0"" = value less than 0.5; ""-"" = no value"
Vehari District,Horses,2549,2024,Table 7.1,"Head count of animals on census day; Report footnote: ""0"" = value less than 0.5; ""-"" = no value"
Vehari District,Mules,917,2024,Table 7.1,"Head count of animals on census day; Report footnote: ""0"" = value less than 0.5; ""-"" = no value"
Vehari District,Asses,31750,2024,Table 7.1,"Head count of animals on census day; Report footnote: ""0"" = value less than 0.5; ""-"" = no value"
Vehari District,Yak/Dzo/Dzomo,,2024,Table 7.1,"Head count of animals on census day; ""-"": no value reported in source; Report footnote: ""0"" = value less than 0.5; ""-"" = no value"
Attock District,Cattle,1196194,2024,Table 7.1,"Head count of animals on census day; Report footnote: ""0"" = value less than 0.5; ""-"" = no value"
Attock District,Buffaloes,229569,2024,Table 7.1,"Head count of animals on census day; Report footnote: ""0"" = value less than 0.5; ""-"" = no value"
Attock District,Sheep,450059,2024,Table 7.1,"Head count of animals on census day; Report footnote: ""0"" = value less than 0.5; ""-"" = no value"
Attock District,Goats,1233622,2024,Table 7.1,"Head count of animals on census day; Report footnote: ""0"" = value less than 0.5; ""-"" = no value"
Attock District,Camels,20000,2024,Table 7.1,"Head count of animals on census day; Report footnote: ""0"" = value less than 0.5; ""-"" = no value"
Attock District,Horses,6237,2024,Table 7.1,"Head count of animals on census day; Report footnote: ""0"" = value less than 0.5; ""-"" = no value"
Attock District,Mules,983,2024,Table 7.1,"Head count of animals on census day; Report footnote: ""0"" = value less than 0.5; ""-"" = no value"
Attock District,Asses,53454,2024,Table 7.1,"Head count of animals on census day; Report footnote: ""0"" = value less than 0.5; ""-"" = no value"
Attock District,Yak/Dzo/Dzomo,,2024,Table 7.1,"Head count of animals on census day; ""-"": no value reported in source; Report footnote: ""0"" = value less than 0.5; ""-"" = no value"
Chakwal District,Cattle,806487,2024,Table 7.1,"Head count of animals on census day; Report footnote: ""0"" = value less than 0.5; ""-"" = no value"
Chakwal District,Buffaloes,216395,2024,Table 7.1,"Head count of animals on census day; Report footnote: ""0"" = value less than 0.5; ""-"" = no value"
Chakwal District,Sheep,266383,2024,Table 7.1,"Head count of animals on census day; Report footnote: ""0"" = value less than 0.5; ""-"" = no value"
Chakwal District,Goats,1066090,2024,Table 7.1,"Head count of animals on census day; Report footnote: ""0"" = value less than 0.5; ""-"" = no value"
Chakwal District,Camels,10914,2024,Table 7.1,"Head count of animals on census day; Report footnote: ""0"" = value less than 0.5; ""-"" = no value"
Chakwal District,Horses,3540,2024,Table 7.1,"Head count of animals on census day; Report footnote: ""0"" = value less than 0.5; ""-"" = no value"
Chakwal District,Mules,4034,2024,Table 7.1,"Head count of animals on census day; Report footnote: ""0"" = value less than 0.5; ""-"" = no value"
Chakwal District,Asses,75630,2024,Table 7.1,"Head count of animals on census day; Report footnote: ""0"" = value less than 0.5; ""-"" = no value"
Chakwal District,Yak/Dzo/Dzomo,,2024,Table 7.1,"Head count of animals on census day; ""-"": no value reported in source; Report footnote: ""0"" = value less than 0.5; ""-"" = no value"
Jhelum District,Cattle,579972,2024,Table 7.1,"Head count of animals on census day; Report footnote: ""0"" = value less than 0.5; ""-"" = no value"
Jhelum District,Buffaloes,372505,2024,Table 7.1,"Head count of animals on census day; Report footnote: ""0"" = value less than 0.5; ""-"" = no value"
Jhelum District,Sheep,88691,2024,Table 7.1,"Head count of animals on census day; Report footnote: ""0"" = value less than 0.5; ""-"" = no value"
Jhelum District,Goats,526173,2024,Table 7.1,"Head count of animals on census day; Report footnote: ""0"" = value less than 0.5; ""-"" = no value"
Jhelum District,Camels,2860,2024,Table 7.1,"Head count of animals on census day; Report footnote: ""0"" = value less than 0.5; ""-"" = no value"
Jhelum District,Horses,4180,2024,Table 7.1,"Head count of animals on census day; Report footnote: ""0"" = value less than 0.5; ""-"" = no value"
Jhelum District,Mules,818,2024,Table 7.1,"Head count of animals on census day; Report footnote: ""0"" = value less than 0.5; ""-"" = no value"
Jhelum District,Asses,37839,2024,Table 7.1,"Head count of animals on census day; Report footnote: ""0"" = value less than 0.5; ""-"" = no value"
Jhelum District,Yak/Dzo/Dzomo,,2024,Table 7.1,"Head count of animals on census day; ""-"": no value reported in source; Report footnote: ""0"" = value less than 0.5; ""-"" = no value"
Rawalpindi District,Cattle,1032944,2024,Table 7.1,"Head count of animals on census day; Report footnote: ""0"" = value less than 0.5; ""-"" = no value"
Rawalpindi District,Buffaloes,466595,2024,Table 7.1,"Head count of animals on census day; Report footnote: ""0"" = value less than 0.5; ""-"" = no value"
Rawalpindi District,Sheep,26386,2024,Table 7.1,"Head count of animals on census day; Report footnote: ""0"" = value less than 0.5; ""-"" = no value"
Rawalpindi District,Goats,1113484,2024,Table 7.1,"Head count of animals on census day; Report footnote: ""0"" = value less than 0.5; ""-"" = no value"
Rawalpindi District,Camels,2902,2024,Table 7.1,"Head count of animals on census day; Report footnote: ""0"" = value less than 0.5; ""-"" = no value"
Rawalpindi District,Horses,4728,2024,Table 7.1,"Head count of animals on census day; Report footnote: ""0"" = value less than 0.5; ""-"" = no value"
Rawalpindi District,Mules,1703,2024,Table 7.1,"Head count of animals on census day; Report footnote: ""0"" = value less than 0.5; ""-"" = no value"
Rawalpindi District,Asses,37447,2024,Table 7.1,"Head count of animals on census day; Report footnote: ""0"" = value less than 0.5; ""-"" = no value"
Rawalpindi District,Yak/Dzo/Dzomo,,2024,Table 7.1,"Head count of animals on census day; ""-"": no value reported in source; Report footnote: ""0"" = value less than 0.5; ""-"" = no value"
Okara District,Cattle,432581,2024,Table 7.1,"Head count of animals on census day; Report footnote: ""0"" = value less than 0.5; ""-"" = no value"
Okara District,Buffaloes,1174606,2024,Table 7.1,"Head count of animals on census day; Report footnote: ""0"" = value less than 0.5; ""-"" = no value"
Okara District,Sheep,184134,2024,Table 7.1,"Head count of animals on census day; Report footnote: ""0"" = value less than 0.5; ""-"" = no value"
Okara District,Goats,493804,2024,Table 7.1,"Head count of animals on census day; Report footnote: ""0"" = value less than 0.5; ""-"" = no value"
Okara District,Camels,1880,2024,Table 7.1,"Head count of animals on census day; Report footnote: ""0"" = value less than 0.5; ""-"" = no value"
Okara District,Horses,8071,2024,Table 7.1,"Head count of animals on census day; Report footnote: ""0"" = value less than 0.5; ""-"" = no value"
Okara District,Mules,2405,2024,Table 7.1,"Head count of animals on census day; Report footnote: ""0"" = value less than 0.5; ""-"" = no value"
Okara District,Asses,110233,2024,Table 7.1,"Head count of animals on census day; Report footnote: ""0"" = value less than 0.5; ""-"" = no value"
Okara District,Yak/Dzo/Dzomo,,2024,Table 7.1,"Head count of animals on census day; ""-"": no value reported in source; Report footnote: ""0"" = value less than 0.5; ""-"" = no value"
Pakpattan District,Cattle,458810,2024,Table 7.1,"Head count of animals on census day; Report footnote: ""0"" = value less than 0.5; ""-"" = no value"
Pakpattan District,Buffaloes,979463,2024,Table 7.1,"Head count of animals on census day; Report footnote: ""0"" = value less than 0.5; ""-"" = no value"
Pakpattan District,Sheep,68286,2024,Table 7.1,"Head count of animals on census day; Report footnote: ""0"" = value less than 0.5; ""-"" = no value"
Pakpattan District,Goats,359446,2024,Table 7.1,"Head count of animals on census day; Report footnote: ""0"" = value less than 0.5; ""-"" = no value"
Pakpattan District,Camels,3476,2024,Table 7.1,"Head count of animals on census day; Report footnote: ""0"" = value less than 0.5; ""-"" = no value"
Pakpattan District,Horses,2930,2024,Table 7.1,"Head count of animals on census day; Report footnote: ""0"" = value less than 0.5; ""-"" = no value"
Pakpattan District,Mules,1377,2024,Table 7.1,"Head count of animals on census day; Report footnote: ""0"" = value less than 0.5; ""-"" = no value"
Pakpattan District,Asses,55381,2024,Table 7.1,"Head count of animals on census day; Report footnote: ""0"" = value less than 0.5; ""-"" = no value"
Pakpattan District,Yak/Dzo/Dzomo,,2024,Table 7.1,"Head count of animals on census day; ""-"": no value reported in source; Report footnote: ""0"" = value less than 0.5; ""-"" = no value"
Sahiwal District,Cattle,528445,2024,Table 7.1,"Head count of animals on census day; Report footnote: ""0"" = value less than 0.5; ""-"" = no value"
Sahiwal District,Buffaloes,990485,2024,Table 7.1,"Head count of animals on census day; Report footnote: ""0"" = value less than 0.5; ""-"" = no value"
Sahiwal District,Sheep,58171,2024,Table 7.1,"Head count of animals on census day; Report footnote: ""0"" = value less than 0.5; ""-"" = no value"
Sahiwal District,Goats,585916,2024,Table 7.1,"Head count of animals on census day; Report footnote: ""0"" = value less than 0.5; ""-"" = no value"
Sahiwal District,Camels,1922,2024,Table 7.1,"Head count of animals on census day; Report footnote: ""0"" = value less than 0.5; ""-"" = no value"
Sahiwal District,Horses,8850,2024,Table 7.1,"Head count of animals on census day; Report footnote: ""0"" = value less than 0.5; ""-"" = no value"
Sahiwal District,Mules,1500,2024,Table 7.1,"Head count of animals on census day; Report footnote: ""0"" = value less than 0.5; ""-"" = no value"
Sahiwal District,Asses,71494,2024,Table 7.1,"Head count of animals on census day; Report footnote: ""0"" = value less than 0.5; ""-"" = no value"
Sahiwal District,Yak/Dzo/Dzomo,,2024,Table 7.1,"Head count of animals on census day; ""-"": no value reported in source; Report footnote: ""0"" = value less than 0.5; ""-"" = no value"
Bhakkar District,Cattle,1276225,2024,Table 7.1,"Head count of animals on census day; Report footnote: ""0"" = value less than 0.5; ""-"" = no value"
Bhakkar District,Buffaloes,553358,2024,Table 7.1,"Head count of animals on census day; Report footnote: ""0"" = value less than 0.5; ""-"" = no value"
Bhakkar District,Sheep,989181,2024,Table 7.1,"Head count of animals on census day; Report footnote: ""0"" = value less than 0.5; ""-"" = no value"
Bhakkar District,Goats,1204693,2024,Table 7.1,"Head count of animals on census day; Report footnote: ""0"" = value less than 0.5; ""-"" = no value"
Bhakkar District,Camels,29408,2024,Table 7.1,"Head count of animals on census day; Report footnote: ""0"" = value less than 0.5; ""-"" = no value"
Bhakkar District,Horses,5860,2024,Table 7.1,"Head count of animals on census day; Report footnote: ""0"" = value less than 0.5; ""-"" = no value"
Bhakkar District,Mules,8669,2024,Table 7.1,"Head count of animals on census day; Report footnote: ""0"" = value less than 0.5; ""-"" = no value"
Bhakkar District,Asses,72305,2024,Table 7.1,"Head count of animals on census day; Report footnote: ""0"" = value less than 0.5; ""-"" = no value"
Bhakkar District,Yak/Dzo/Dzomo,,2024,Table 7.1,"Head count of animals on census day; ""-"": no value reported in source; Report footnote: ""0"" = value less than 0.5; ""-"" = no value"
Khushab District,Cattle,751239,2024,Table 7.1,"Head count of animals on census day; Report footnote: ""0"" = value less than 0.5; ""-"" = no value"
Khushab District,Buffaloes,373874,2024,Table 7.1,"Head count of animals on census day; Report footnote: ""0"" = value less than 0.5; ""-"" = no value"
Khushab District,Sheep,375770,2024,Table 7.1,"Head count of animals on census day; Report footnote: ""0"" = value less than 0.5; ""-"" = no value"
Khushab District,Goats,1020268,2024,Table 7.1,"Head count of animals on census day; Report footnote: ""0"" = value less than 0.5; ""-"" = no value"
Khushab District,Camels,14946,2024,Table 7.1,"Head count of animals on census day; Report footnote: ""0"" = value less than 0.5; ""-"" = no value"
Khushab District,Horses,6448,2024,Table 7.1,"Head count of animals on census day; Report footnote: ""0"" = value less than 0.5; ""-"" = no value"
Khushab District,Mules,1961,2024,Table 7.1,"Head count of animals on census day; Report footnote: ""0"" = value less than 0.5; ""-"" = no value"
Khushab District,Asses,61358,2024,Table 7.1,"Head count of animals on census day; Report footnote: ""0"" = value less than 0.5; ""-"" = no value"
Khushab District,Yak/Dzo/Dzomo,,2024,Table 7.1,"Head count of animals on census day; ""-"": no value reported in source; Report footnote: ""0"" = value less than 0.5; ""-"" = no value"
Mianwali District,Cattle,850784,2024,Table 7.1,"Head count of animals on census day; Report footnote: ""0"" = value less than 0.5; ""-"" = no value"
Mianwali District,Buffaloes,300195,2024,Table 7.1,"Head count of animals on census day; Report footnote: ""0"" = value less than 0.5; ""-"" = no value"
Mianwali District,Sheep,541912,2024,Table 7.1,"Head count of animals on census day; Report footnote: ""0"" = value less than 0.5; ""-"" = no value"
Mianwali District,Goats,950186,2024,Table 7.1,"Head count of animals on census day; Report footnote: ""0"" = value less than 0.5; ""-"" = no value"
Mianwali District,Camels,14746,2024,Table 7.1,"Head count of animals on census day; Report footnote: ""0"" = value less than 0.5; ""-"" = no value"
Mianwali District,Horses,3392,2024,Table 7.1,"Head count of animals on census day; Report footnote: ""0"" = value less than 0.5; ""-"" = no value"
Mianwali District,Mules,912,2024,Table 7.1,"Head count of animals on census day; Report footnote: ""0"" = value less than 0.5; ""-"" = no value"
Mianwali District,Asses,37972,2024,Table 7.1,"Head count of animals on census day; Report footnote: ""0"" = value less than 0.5; ""-"" = no value"
Mianwali District,Yak/Dzo/Dzomo,,2024,Table 7.1,"Head count of animals on census day; ""-"": no value reported in source; Report footnote: ""0"" = value less than 0.5; ""-"" = no value"
Sargodha District,Cattle,773890,2024,Table 7.1,"Head count of animals on census day; Report footnote: ""0"" = value less than 0.5; ""-"" = no value"
Sargodha District,Buffaloes,1193248,2024,Table 7.1,"Head count of animals on census day; Report footnote: ""0"" = value less than 0.5; ""-"" = no value"
Sargodha District,Sheep,209923,2024,Table 7.1,"Head count of animals on census day; Report footnote: ""0"" = value less than 0.5; ""-"" = no value"
Sargodha District,Goats,589457,2024,Table 7.1,"Head count of animals on census day; Report footnote: ""0"" = value less than 0.5; ""-"" = no value"
Sargodha District,Camels,4163,2024,Table 7.1,"Head count of animals on census day; Report footnote: ""0"" = value less than 0.5; ""-"" = no value"
Sargodha District,Horses,16470,2024,Table 7.1,"Head count of animals on census day; Report footnote: ""0"" = value less than 0.5; ""-"" = no value"
Sargodha District,Mules,5136,2024,Table 7.1,"Head count of animals on census day; Report footnote: ""0"" = value less than 0.5; ""-"" = no value"
Sargodha District,Asses,134730,2024,Table 7.1,"Head count of animals on census day; Report footnote: ""0"" = value less than 0.5; ""-"" = no value"
Sargodha District,Yak/Dzo/Dzomo,,2024,Table 7.1,"Head count of animals on census day; ""-"": no value reported in source; Report footnote: ""0"" = value less than 0.5; ""-"" = no value"
Cholistan Area,Cattle,575954,2024,Table 7.1,"Cholistan Area is a separate non-district reporting unit within Bahawalpur Division; not present in district_master_clean.csv; Head count of animals on census day; Report footnote: ""0"" = value less than 0.5; ""-"" = no value"
Cholistan Area,Buffaloes,10054,2024,Table 7.1,"Cholistan Area is a separate non-district reporting unit within Bahawalpur Division; not present in district_master_clean.csv; Head count of animals on census day; Report footnote: ""0"" = value less than 0.5; ""-"" = no value"
Cholistan Area,Sheep,357002,2024,Table 7.1,"Cholistan Area is a separate non-district reporting unit within Bahawalpur Division; not present in district_master_clean.csv; Head count of animals on census day; Report footnote: ""0"" = value less than 0.5; ""-"" = no value"
Cholistan Area,Goats,257635,2024,Table 7.1,"Cholistan Area is a separate non-district reporting unit within Bahawalpur Division; not present in district_master_clean.csv; Head count of animals on census day; Report footnote: ""0"" = value less than 0.5; ""-"" = no value"
Cholistan Area,Camels,5708,2024,Table 7.1,"Cholistan Area is a separate non-district reporting unit within Bahawalpur Division; not present in district_master_clean.csv; Head count of animals on census day; Report footnote: ""0"" = value less than 0.5; ""-"" = no value"
Cholistan Area,Horses,19,2024,Table 7.1,"Cholistan Area is a separate non-district reporting unit within Bahawalpur Division; not present in district_master_clean.csv; Head count of animals on census day; Report footnote: ""0"" = value less than 0.5; ""-"" = no value"
Cholistan Area,Mules,520,2024,Table 7.1,"Cholistan Area is a separate non-district reporting unit within Bahawalpur Division; not present in district_master_clean.csv; Head count of animals on census day; Report footnote: ""0"" = value less than 0.5; ""-"" = no value"
Cholistan Area,Asses,8764,2024,Table 7.1,"Cholistan Area is a separate non-district reporting unit within Bahawalpur Division; not present in district_master_clean.csv; Head count of animals on census day; Report footnote: ""0"" = value less than 0.5; ""-"" = no value"
Cholistan Area,Yak/Dzo/Dzomo,,2024,Table 7.1,"Cholistan Area is a separate non-district reporting unit within Bahawalpur Division; not present in district_master_clean.csv; Head count of animals on census day; ""-"": no value reported in source; Report footnote: ""0"" = value less than 0.5; ""-"" = no value"
