date,year,month,season,NDVI_mean,NDWI_mean,rainfall_mean_mm_per_day,rainfall_total_mm,temp_max_c,temp_mean_c,temp_min_c,soil_moisture_0_7cm,soil_moisture_7_28cm,bare_km2,built_km2,crops_km2,flooded_vegetation_km2,grass_km2,shrub_and_scrub_km2,snow_and_ice_km2,trees_km2,water_km2,ndvi_change_monthly,ndwi_change_monthly,soil_moisture_change,rainfall_anomaly,temperature_anomaly,landcover_total_km2,coverage_quality,data_quality_flag,year_to_date
2024-01-01,2024,1,Winter,0.29186979611100544,-0.31385604232460435,0.2637743185485696,8.177003870879775,22.39667089446971,11.843658421739867,3.963460225036192,0.10655440597622787,0.1415397441393874,24615.11883901764,4718.408616976686,44213.00845415299,305.74086740473325,214.00952223289204,6232.393751314888,7144.923099823814,11469.469176670465,1768.93462970819,,,,0.810,-0.890,100682.0,poor,ok,complete
2024-02-01,2024,2,Winter,0.43832325723994575,-0.4542728921117653,0.6156377258462586,17.85349405257443,26.771594506548766,15.484027634001029,5.855751636900043,0.14461955543026903,0.15798841485904497,40600.796416799705,15623.195921760662,127428.3799922976,395.5825759034777,60.07122931514252,11154.370472721163,14.45429479980471,6618.174716107314,3124.120981823972,0.146453,-0.140417,0.038065,-4.853,-0.882,205019.1,good,ok,complete
2024-03-01,2024,3,Spring,0.42700943940132285,-0.4514589564151772,1.1210025658744924,34.75107953497418,33.902071342298996,20.606759025289467,5.062254729302013,0.14853488675375176,0.16282590398184285,44700.06537549526,17438.85694329932,120246.21746912668,180.55742305293361,76.51628526830572,14602.067131862059,0.0585840595703125,5073.424049400976,2874.679448004605,-0.011314,0.002814,0.003915,12.107,-0.673,205192.4,good,ok,complete
2024-04-01,2024,4,Spring,0.269147948285985,-0.3432564952873469,0.9817320758410142,29.45196227435133,36.95710013902468,25.73145204035123,15.253861640531804,0.1484412505622245,0.1616379846736788,54811.38878746924,18330.28615874314,108368.93506729825,141.48700274146387,162.2596922423101,14793.25122352499,0.10950102832031253,5423.929069971248,3160.5888003826467,-0.157861,0.108202,-0.000094,10.591,-2.296,205192.2,good,ok,complete
2024-05-01,2024,5,Spring,0.20467680709786876,-0.2877497005015212,0.2794538184371417,8.66306836565106,45.52346232910429,33.465085677624444,15.664835027812254,0.1097864039559484,0.14524088437473742,78354.76052550928,18911.958606071505,88083.94325541751,81.28043303790253,53.60687824626608,12124.644726399165,0.1983397119140625,3943.463118414626,3638.5868267466585,-0.064471,0.055507,-0.038655,-4.155,0.048,205192.4,good,ok,complete
2024-06-01,2024,6,Summer,0.20734895846450813,-0.2777531711075906,0.7107200070472514,21.32160021304361,44.620615036618915,35.27868679457805,24.467554049697956,0.10406255734387387,0.13032305737177552,102397.92572636822,21012.735175010275,63825.76223869561,154.56839442878402,42.665942474165114,8695.482022098602,0.25715165527343753,3668.531199401614,5394.514859438811,0.002672,0.009997,-0.005724,-9.606,0.194,205192.4,good,ok,complete
2024-07-01,2024,7,Summer,0.27808881592841533,-0.3147381679230995,3.9716706293562574,123.12178958793292,42.72704922645343,34.45634280780026,26.70364517559315,0.15012727206618262,0.15560622232772242,82680.67693281079,20839.1238428771,43241.903588658846,542.483649485929,528.8045665581533,7717.421699317228,709.5704208463471,20836.622476341887,17716.43087518342,0.070740,-0.036985,0.046065,-24.178,1.240,194813.0,moderate,ok,complete
2024-08-01,2024,8,Summer,0.37009860859075067,-0.3611571570876749,5.6781946907737995,176.024035393809,37.216462216126594,29.899619343792985,24.37695677387751,0.28367129420419246,0.2712712367365708,46401.49942640632,16393.153685678004,50868.23414211464,363.6762573679545,788.244644208203,4986.820053707981,131.8347853059628,12464.120706188185,8768.402133086202,0.092010,-0.046419,0.133544,22.691,-0.614,141166.0,poor,ok,complete
2024-09-01,2024,9,Summer,0.4152639112960893,-0.4158999580653622,1.3891039958501665,41.67311987409469,38.79413979900422,30.68264208267319,23.905611444484876,0.19699649882902082,0.2388355253263948,42233.91648465172,37258.40428150061,85781.67107215516,628.4817734950334,543.5423146682953,12771.510335182755,0.8118466123046875,20301.477040172136,5641.359889813189,0.045165,-0.054743,-0.086675,-5.121,0.463,205161.2,good,ok,complete
2024-10-01,2024,10,Autumn,0.34318583956048976,-0.3903699394829721,0.1702262708661514,5.2770143946150485,37.89296819980072,27.927099012568778,19.058248145528136,0.11834875358561193,0.1605011279233789,43497.16342319153,40666.96386128298,89643.50231953793,362.1001574114003,338.22274928883286,10907.444783311596,0.04214052734375,15674.926445047086,4102.076829946601,-0.072078,0.025530,-0.078648,-2.647,1.215,205192.4,good,ok,complete
2024-11-01,2024,11,Autumn,0.25705652275649843,-0.3156681265428515,0.029142912311318655,0.8742873685476952,33.25868784943045,21.84627548290015,12.029919015622772,0.1178334205488905,0.14802406716618757,77758.32108786744,27758.410268675514,67184.69772322313,628.9782498652277,45.280461640571396,6441.398908580606,808.2285512363011,19353.454893792383,5213.672564686481,-0.086129,0.074702,-0.000515,-0.685,1.547,205192.4,good,ok,complete
2024-12-01,2024,12,Winter,0.32959212276197153,-0.379804486145736,0.0623671617254519,1.9333820129129233,24.99279950581137,13.877644583010886,4.7890466114424814,0.11485719663198152,0.14422115217933043,35487.07726776669,14869.818169277809,118167.5840952301,268.1264348759935,141.32830488128835,12099.8822321747,3320.5663823362615,16345.384344139155,4240.135347536116,0.072536,-0.064136,-0.002976,-2.487,-0.773,204939.9,good,ok,complete
2025-01-01,2025,1,Winter,0.40187822803360324,-0.42774597212072224,0.21150892050762168,6.5567765338806945,24.23502172875313,13.624280530767452,4.638331872072917,0.1128664653848398,0.14279268568368675,35363.41612193092,15101.39299233429,123950.84472158182,452.1696727937668,176.2882586413565,11768.04553474644,285.92636548641934,14576.4827134534,3435.91050710672,0.072286,-0.047941,-0.001991,-0.810,0.890,205110.5,good,ok,complete
2025-02-01,2025,2,Winter,0.43806594132973403,-0.4658778285761947,0.9842596124004486,27.559269138974578,27.362282053541236,17.247856035555678,6.335344046325705,0.1313926084686262,0.14390237475267664,38569.50894643611,15592.764748793728,125189.15254875744,240.0024615716634,105.04308372717907,14213.308596672407,14.460225779737247,8043.320941864418,2934.7214355017218,0.036188,-0.038132,0.018526,4.853,0.882,204902.3,good,ok,complete
2025-03-01,2025,3,Spring,0.4178599733037536,-0.4481940110947348,0.3398903430770606,10.536600630405434,34.55880033978499,21.95366783776343,8.342990491521645,0.14159703468706722,0.16598923621714873,45822.32155972141,16177.979961156663,119145.83596723274,181.39924486456434,158.1225689436505,15765.5983473822,0.21929036621093748,5256.041823913493,2679.4370853990313,-0.020206,0.017684,0.010204,-12.107,0.673,205187.0,good,ok,complete
2025-04-01,2025,4,Spring,0.25208906439761963,-0.33847648948094305,0.27565507769153563,8.269652327276567,42.25205391902239,30.323775384602726,15.918910836869337,0.10395349600960493,0.13717878191929597,58195.668387731945,15749.78904310676,111424.58926880168,69.43137272179881,62.212990670802775,12899.400767204033,0.051004203124999994,4230.458849047635,2560.84102605476,-0.165771,0.109718,-0.037644,-10.591,2.296,205192.4,good,ok,complete
2025-05-01,2025,5,Spring,0.19142275926985977,-0.2761792495189306,0.5475047925125178,16.972648569614897,44.836187721014014,33.369757317041476,22.77889661587704,0.1076525628045312,0.1321774202950016,111396.32415600559,28299.978311302348,50217.03888224804,66.79607257624018,21.821586377680763,8313.804915771512,0.18222532617187495,3809.071737078247,3067.424822871594,-0.060666,0.062297,0.003699,4.155,-0.048,205192.4,good,ok,complete
2025-06-01,2025,6,Summer,0.2100214283340477,-0.2836459401747768,1.3511244393128077,40.53373319535974,45.40465254325659,34.890113282846194,24.486873615643148,0.11483241653786147,0.1369054313804681,107915.95543804401,24746.302662101672,57277.43837789198,113.31347053216955,47.978092431050854,7162.9876074143685,0.5480228564453125,4052.205211005512,3875.7138272927673,0.018599,-0.007467,0.007180,9.606,-0.194,205192.4,good,ok,complete
2025-07-01,2025,7,Summer,0.27645977242551073,-0.30108304346999204,5.5315093947465686,171.47679121881293,40.10269191163138,31.976560499462057,25.409930396278522,0.2048119376849465,0.20843580114628316,73630.04023247538,22164.257375633395,21266.601374582413,901.8458199696037,990.7556965205023,2778.253045116188,834.8929463719616,22012.136141964853,17809.12296614526,0.066438,-0.017437,0.089980,24.178,-1.240,162387.9,poor,ok,complete
2025-08-01,2025,8,Summer,0.34258353426867466,-0.35278663310025765,4.214254925830248,130.6419026358786,38.865961642626054,31.127469399083978,24.334102874294363,0.19852021333838776,0.20628567973648956,65068.923956781226,26090.262432711734,50650.16665917906,2697.406301599308,2045.210473898561,5480.107300829874,94.65017504656448,21829.092672570456,16040.551583708875,0.066124,-0.051704,-0.006292,-22.691,0.614,189996.4,moderate,ok,complete
2025-09-01,2025,9,Summer,0.39175070433106957,-0.4065625366114174,1.7305052132363388,51.91515637780414,37.39312000176576,29.75586581502743,23.13944737264017,0.19631148750444177,0.23143235970927326,49089.48613622216,32364.74620272019,89196.14525643442,1004.9012905682443,443.77986483046243,8780.471507558681,0.37111113769531245,15792.184854235895,8520.356485842934,0.049167,-0.053776,-0.002209,5.121,-0.463,205192.4,good,ok,complete
2025-10-01,2025,10,Autumn,0.3363812052983615,-0.38314866489777016,0.3409757958166297,10.570249675397516,36.26742334330308,25.49742107102473,16.764744754263983,0.14289327161326051,0.18027406381204186,50633.21367043962,31857.33679938614,89365.16397154957,443.7060692012783,553.3668503210968,7953.752184207688,4.090730747070312,19391.023691212453,4990.788742482869,-0.055369,0.023414,-0.053418,2.647,-1.215,205192.4,good,ok,complete
2025-11-01,2025,11,Autumn,0.27474844907778745,-0.3412057508605216,0.07478283954826616,2.2434851872170745,31.38727356973603,18.75133238266368,7.486044264683019,0.10618992350538003,0.15040000670581372,51552.3813488278,15361.92869961117,108531.11444173948,256.1059990628399,166.9873312885227,8369.14394850483,19.912538209731146,16696.527094780027,4194.874495148128,-0.061633,0.041943,-0.036703,0.685,-1.547,205149.0,good,ok,complete
2025-12-01,2025,12,Winter,0.3320939059177482,-0.3831117601079688,0.22284638203736515,6.908237845664929,24.757944131015392,15.423358908036569,6.6686424459274445,0.10433558544625596,0.1415133876910792,44510.02731844522,14829.861831545373,112877.31830309008,365.02343271075557,467.2029739877293,9302.288676070546,299.8192485341415,17592.47051413695,4328.854787449708,0.057345,-0.041906,-0.001854,2.487,0.773,204572.9,good,ok,complete
2026-01-01,2026,1,Winter,0.4145875122215509,-0.42797467389037186,0.6136031505521606,19.02169768080092,22.456792596579636,12.150370163724675,2.284082572988734,0.14247932589996135,0.14683241026685528,41320.01721989706,13929.899457032345,106375.11140822328,499.9311609375545,996.9972619554143,7970.695032514992,3390.8523811113228,26948.502938914342,3754.3809958371294,0.082494,-0.044863,0.038144,11.655,-0.584,205186.4,good,ok,year_to_date
2026-02-01,2026,2,Winter,0.4375088457570556,-0.4583421498571626,0.21120063867123004,5.913617883238249,29.745809884091315,18.506655862301947,7.227077448305467,0.12324589736523965,0.15024549990517644,43083.97286561181,17495.698034550547,124072.86326972363,245.91809940599865,195.09943240307868,8491.920730131395,392.72190449325774,7767.976024774694,3446.272348462068,0.022921,-0.030367,-0.019233,-16.793,2.141,205192.4,good,ok,year_to_date
2026-03-01,2026,3,Spring,0.4104683655016821,-0.4404938753649907,1.1422824288693343,35.410755310408426,34.65840774549101,23.23545245169126,13.30246264956327,0.13960681338712408,0.1489928935840065,43887.53045383816,17978.242144353073,114792.68849741004,215.44159109157883,240.57461089566397,9998.210267765515,3.081585434420956,6063.183167876574,3173.3802302597574,-0.027040,0.017848,0.016361,12.767,1.955,196352.3,moderate,ok,year_to_date
2026-04-01,2026,4,Spring,0.2706711293841525,-0.34067357797437864,1.3317101421056914,39.951304251717474,40.105793037550406,26.51662074860917,13.73880707680829,0.1716218664078072,0.18584290746830978,59956.52703480758,22173.446557149717,99168.23187738218,302.6497922053024,273.0362824349678,13320.29683202951,1.6549838108992045,6568.287387603034,3422.1539058554627,-0.139797,0.099820,0.032015,21.090,-1.511,205186.3,good,ok,year_to_date
2026-05-01,2026,5,Spring,0.23174374416872567,-0.3020378165345431,0.7028893169427756,21.7895688190598,44.17030619859562,32.66162522498691,20.98656323019516,0.11076127434520251,0.14059125793904498,84731.80308930158,24912.327825233086,77582.74858457012,76.11892043725162,137.8317966776117,8997.478556601312,0.6366976416015624,5271.045210395393,3482.4520287178248,-0.038927,0.038636,-0.060861,8.972,-0.756,205192.4,good,ok,year_to_date
2026-06-01,2026,6,Summer,0.24085886580816818,-0.30267561194949394,1.0380952330073183,31.142857015090936,43.98740791023601,34.305205851763404,25.37282017220355,0.10407397877479109,0.131155797789796,91513.7182443674,25748.11037209355,68299.99048175632,109.44259930313652,131.91983089529717,8935.144226770506,0.19835514453125,5652.768758578577,4801.1498406571345,0.009115,-0.000638,-0.006687,0.215,-0.779,205192.4,good,ok,year_to_date
2026-07-01,2026,7,Summer,0.26175144473893897,-0.3047248676821342,3.938176681054616,122.08347709831988,41.656781610963584,33.541207760023894,26.08995734012476,0.1482458534263266,0.15502388900390307,96679.01973803338,38241.900660146515,25641.112985901687,1139.8139771149238,317.9262622426811,5520.83172490623,24.146721744167447,17769.36095326503,17061.36401375687,0.020893,-0.002049,0.044172,-25.216,0.325,202395.5,good,ok,year_to_date
2026-08-01,2026,8,Summer,0.36233626879969966,-0.3729957175207864,0.0,0.0,39.355436027858104,32.66275474653317,26.420679887066566,0.16917014534072886,0.18638366547509977,65237.33496892437,30830.618309745,60492.534778570436,1283.8809787029015,932.001139651446,4708.760261784757,46.4930103328852,27074.59523067681,10630.465861326851,0.100585,-0.068271,0.020924,-153.333,2.149,201236.7,moderate,suspicious_rainfall,year_to_date
