system:index,NDWI_mean,district,month,year,.geo
0_0001000000000000168f,-0.37482308134442205,Attock District,1,2026,"{""type"":""MultiPoint"",""coordinates"":[]}"
0_00010000000000001690,-0.47116749223241305,Bahawalnagar District,1,2026,"{""type"":""MultiPoint"",""coordinates"":[]}"
0_00010000000000001691,-0.32876313707246035,Bahawalpur District,1,2026,"{""type"":""MultiPoint"",""coordinates"":[]}"
0_00010000000000001692,-0.3689135455821544,Bhakkar District,1,2026,"{""type"":""MultiPoint"",""coordinates"":[]}"
0_00010000000000001693,-0.4159095513334681,Chakwal District,1,2026,"{""type"":""MultiPoint"",""coordinates"":[]}"
0_00010000000000001694,-0.37522649681683473,Dera Ghazi Khan District,1,2026,"{""type"":""MultiPoint"",""coordinates"":[]}"
0_00010000000000001695,-0.48116524982965414,Faisalabad District,1,2026,"{""type"":""MultiPoint"",""coordinates"":[]}"
0_00010000000000001696,-0.5233328458503667,Gujranwala District,1,2026,"{""type"":""MultiPoint"",""coordinates"":[]}"
0_00010000000000001697,-0.4374122198116273,Gujrat District,1,2026,"{""type"":""MultiPoint"",""coordinates"":[]}"
0_00010000000000001698,-0.5424452724483836,Hafizabad District,1,2026,"{""type"":""MultiPoint"",""coordinates"":[]}"
0_00010000000000001699,-0.4649867844331685,Jhang District,1,2026,"{""type"":""MultiPoint"",""coordinates"":[]}"
0_0001000000000000169a,-0.4120227914152338,Jhelum District,1,2026,"{""type"":""MultiPoint"",""coordinates"":[]}"
0_0001000000000000169b,-0.49630999904542333,Kasur District,1,2026,"{""type"":""MultiPoint"",""coordinates"":[]}"
0_0001000000000000169c,-0.5361863347748446,Khanewal District,1,2026,"{""type"":""MultiPoint"",""coordinates"":[]}"
0_0001000000000000169d,-0.38786180210099847,Khushab District,1,2026,"{""type"":""MultiPoint"",""coordinates"":[]}"
0_0001000000000000169e,-0.3788138270287263,Lahore District,1,2026,"{""type"":""MultiPoint"",""coordinates"":[]}"
0_0001000000000000169f,-0.4086016267550495,Layyah District,1,2026,"{""type"":""MultiPoint"",""coordinates"":[]}"
0_000100000000000016a0,-0.5142124974069339,Lodhran District,1,2026,"{""type"":""MultiPoint"",""coordinates"":[]}"
0_000100000000000016a1,-0.4784217171337593,Mandi Bahauddin District,1,2026,"{""type"":""MultiPoint"",""coordinates"":[]}"
0_000100000000000016a2,-0.38018395973955355,Mianwali District,1,2026,"{""type"":""MultiPoint"",""coordinates"":[]}"
0_000100000000000016a3,-0.47267234429629246,Multan District,1,2026,"{""type"":""MultiPoint"",""coordinates"":[]}"
0_000100000000000016a4,-0.44097387339027316,Muzaffargarh District,1,2026,"{""type"":""MultiPoint"",""coordinates"":[]}"
0_000100000000000016a5,-0.4526722157542418,Narowal District,1,2026,"{""type"":""MultiPoint"",""coordinates"":[]}"
0_000100000000000016a6,-0.54184952652726,Okara District,1,2026,"{""type"":""MultiPoint"",""coordinates"":[]}"
0_000100000000000016a7,-0.5373212726955768,Pakpattan District,1,2026,"{""type"":""MultiPoint"",""coordinates"":[]}"
0_000100000000000016a8,-0.3855992213724189,Rahim Yar Khan District,1,2026,"{""type"":""MultiPoint"",""coordinates"":[]}"
0_000100000000000016a9,-0.32860692573619726,Rajanpur District,1,2026,"{""type"":""MultiPoint"",""coordinates"":[]}"
0_000100000000000016aa,-0.4730551673609202,Rawalpindi District,1,2026,"{""type"":""MultiPoint"",""coordinates"":[]}"
0_000100000000000016ab,-0.566725982241976,Sahiwal District,1,2026,"{""type"":""MultiPoint"",""coordinates"":[]}"
0_000100000000000016ac,-0.4836099687424557,Sargodha District,1,2026,"{""type"":""MultiPoint"",""coordinates"":[]}"
0_000100000000000016ad,-0.5246909391502426,Sheikhupura District,1,2026,"{""type"":""MultiPoint"",""coordinates"":[]}"
0_000100000000000016ae,-0.49224485418650377,Sialkot District,1,2026,"{""type"":""MultiPoint"",""coordinates"":[]}"
0_000100000000000016af,-0.5519843294627662,Toba Tek Singh District,1,2026,"{""type"":""MultiPoint"",""coordinates"":[]}"
0_000100000000000016b0,-0.5182492159224306,Vehari District,1,2026,"{""type"":""MultiPoint"",""coordinates"":[]}"
1_0001000000000000168f,-0.38418696704917915,Attock District,2,2026,"{""type"":""MultiPoint"",""coordinates"":[]}"
1_00010000000000001690,-0.5156372654852901,Bahawalnagar District,2,2026,"{""type"":""MultiPoint"",""coordinates"":[]}"
1_00010000000000001691,-0.3341933863857108,Bahawalpur District,2,2026,"{""type"":""MultiPoint"",""coordinates"":[]}"
1_00010000000000001692,-0.4258583725731808,Bhakkar District,2,2026,"{""type"":""MultiPoint"",""coordinates"":[]}"
1_00010000000000001693,-0.4039020471967468,Chakwal District,2,2026,"{""type"":""MultiPoint"",""coordinates"":[]}"
1_00010000000000001694,-0.3719783916893612,Dera Ghazi Khan District,2,2026,"{""type"":""MultiPoint"",""coordinates"":[]}"
1_00010000000000001695,-0.5426041455704511,Faisalabad District,2,2026,"{""type"":""MultiPoint"",""coordinates"":[]}"
1_00010000000000001696,-0.5727142829114225,Gujranwala District,2,2026,"{""type"":""MultiPoint"",""coordinates"":[]}"
1_00010000000000001697,-0.47921546710321633,Gujrat District,2,2026,"{""type"":""MultiPoint"",""coordinates"":[]}"
1_00010000000000001698,-0.6356283867464811,Hafizabad District,2,2026,"{""type"":""MultiPoint"",""coordinates"":[]}"
1_00010000000000001699,-0.5295470466567687,Jhang District,2,2026,"{""type"":""MultiPoint"",""coordinates"":[]}"
1_0001000000000000169a,-0.415823269155334,Jhelum District,2,2026,"{""type"":""MultiPoint"",""coordinates"":[]}"
1_0001000000000000169b,-0.491328616750654,Kasur District,2,2026,"{""type"":""MultiPoint"",""coordinates"":[]}"
1_0001000000000000169c,-0.5942060018885006,Khanewal District,2,2026,"{""type"":""MultiPoint"",""coordinates"":[]}"
1_0001000000000000169d,-0.43073168708942683,Khushab District,2,2026,"{""type"":""MultiPoint"",""coordinates"":[]}"
1_0001000000000000169e,-0.3969723337071271,Lahore District,2,2026,"{""type"":""MultiPoint"",""coordinates"":[]}"
1_0001000000000000169f,-0.4677759952966405,Layyah District,2,2026,"{""type"":""MultiPoint"",""coordinates"":[]}"
1_000100000000000016a0,-0.5879656141044655,Lodhran District,2,2026,"{""type"":""MultiPoint"",""coordinates"":[]}"
1_000100000000000016a1,-0.5496238883015531,Mandi Bahauddin District,2,2026,"{""type"":""MultiPoint"",""coordinates"":[]}"
1_000100000000000016a2,-0.4222508345432266,Mianwali District,2,2026,"{""type"":""MultiPoint"",""coordinates"":[]}"
1_000100000000000016a3,-0.5501759584819662,Multan District,2,2026,"{""type"":""MultiPoint"",""coordinates"":[]}"
1_000100000000000016a4,-0.49422378506530523,Muzaffargarh District,2,2026,"{""type"":""MultiPoint"",""coordinates"":[]}"
1_000100000000000016a5,-0.5331823692819182,Narowal District,2,2026,"{""type"":""MultiPoint"",""coordinates"":[]}"
1_000100000000000016a6,-0.5183593739817273,Okara District,2,2026,"{""type"":""MultiPoint"",""coordinates"":[]}"
1_000100000000000016a7,-0.5256382645295273,Pakpattan District,2,2026,"{""type"":""MultiPoint"",""coordinates"":[]}"
1_000100000000000016a8,-0.403252155907509,Rahim Yar Khan District,2,2026,"{""type"":""MultiPoint"",""coordinates"":[]}"
1_000100000000000016a9,-0.34700808117044896,Rajanpur District,2,2026,"{""type"":""MultiPoint"",""coordinates"":[]}"
1_000100000000000016aa,-0.4601817909369982,Rawalpindi District,2,2026,"{""type"":""MultiPoint"",""coordinates"":[]}"
1_000100000000000016ab,-0.5553531373946247,Sahiwal District,2,2026,"{""type"":""MultiPoint"",""coordinates"":[]}"
1_000100000000000016ac,-0.5448708430815589,Sargodha District,2,2026,"{""type"":""MultiPoint"",""coordinates"":[]}"
1_000100000000000016ad,-0.6095740886299389,Sheikhupura District,2,2026,"{""type"":""MultiPoint"",""coordinates"":[]}"
1_000100000000000016ae,-0.5133119112846743,Sialkot District,2,2026,"{""type"":""MultiPoint"",""coordinates"":[]}"
1_000100000000000016af,-0.5787635321953152,Toba Tek Singh District,2,2026,"{""type"":""MultiPoint"",""coordinates"":[]}"
1_000100000000000016b0,-0.5481375762990965,Vehari District,2,2026,"{""type"":""MultiPoint"",""coordinates"":[]}"
2_0001000000000000168f,-0.3484372713488425,Attock District,3,2026,"{""type"":""MultiPoint"",""coordinates"":[]}"
2_00010000000000001690,-0.4724358597914054,Bahawalnagar District,3,2026,"{""type"":""MultiPoint"",""coordinates"":[]}"
2_00010000000000001691,-0.3033981426544177,Bahawalpur District,3,2026,"{""type"":""MultiPoint"",""coordinates"":[]}"
2_00010000000000001692,-0.40955642470875253,Bhakkar District,3,2026,"{""type"":""MultiPoint"",""coordinates"":[]}"
2_00010000000000001693,-0.36644432730826604,Chakwal District,3,2026,"{""type"":""MultiPoint"",""coordinates"":[]}"
2_00010000000000001694,-0.35845142325880824,Dera Ghazi Khan District,3,2026,"{""type"":""MultiPoint"",""coordinates"":[]}"
2_00010000000000001695,-0.5424984720892145,Faisalabad District,3,2026,"{""type"":""MultiPoint"",""coordinates"":[]}"
2_00010000000000001696,-0.5861740436551659,Gujranwala District,3,2026,"{""type"":""MultiPoint"",""coordinates"":[]}"
2_00010000000000001697,-0.5022750504631687,Gujrat District,3,2026,"{""type"":""MultiPoint"",""coordinates"":[]}"
2_00010000000000001698,-0.644625570440939,Hafizabad District,3,2026,"{""type"":""MultiPoint"",""coordinates"":[]}"
2_00010000000000001699,-0.5245274806577919,Jhang District,3,2026,"{""type"":""MultiPoint"",""coordinates"":[]}"
2_0001000000000000169a,-0.41373728343316124,Jhelum District,3,2026,"{""type"":""MultiPoint"",""coordinates"":[]}"
2_0001000000000000169b,-0.515572976353768,Kasur District,3,2026,"{""type"":""MultiPoint"",""coordinates"":[]}"
2_0001000000000000169c,-0.5306114020325426,Khanewal District,3,2026,"{""type"":""MultiPoint"",""coordinates"":[]}"
2_0001000000000000169d,-0.4095762143157557,Khushab District,3,2026,"{""type"":""MultiPoint"",""coordinates"":[]}"
2_0001000000000000169e,-0.4435553359691858,Lahore District,3,2026,"{""type"":""MultiPoint"",""coordinates"":[]}"
2_0001000000000000169f,-0.44600546979620537,Layyah District,3,2026,"{""type"":""MultiPoint"",""coordinates"":[]}"
2_000100000000000016a0,-0.5205706092486777,Lodhran District,3,2026,"{""type"":""MultiPoint"",""coordinates"":[]}"
2_000100000000000016a1,-0.5726342658125397,Mandi Bahauddin District,3,2026,"{""type"":""MultiPoint"",""coordinates"":[]}"
2_000100000000000016a2,-0.4199977938052978,Mianwali District,3,2026,"{""type"":""MultiPoint"",""coordinates"":[]}"
2_000100000000000016a3,-0.5116030336749332,Multan District,3,2026,"{""type"":""MultiPoint"",""coordinates"":[]}"
2_000100000000000016a4,-0.4509254050747178,Muzaffargarh District,3,2026,"{""type"":""MultiPoint"",""coordinates"":[]}"
2_000100000000000016a5,-0.6101334874733502,Narowal District,3,2026,"{""type"":""MultiPoint"",""coordinates"":[]}"
2_000100000000000016a6,-0.49459285236179523,Okara District,3,2026,"{""type"":""MultiPoint"",""coordinates"":[]}"
2_000100000000000016a7,-0.4932516163178862,Pakpattan District,3,2026,"{""type"":""MultiPoint"",""coordinates"":[]}"
2_000100000000000016a8,-0.35619967056128954,Rahim Yar Khan District,3,2026,"{""type"":""MultiPoint"",""coordinates"":[]}"
2_000100000000000016a9,-0.30919217227017504,Rajanpur District,3,2026,"{""type"":""MultiPoint"",""coordinates"":[]}"
2_000100000000000016aa,-0.4649136563803863,Rawalpindi District,3,2026,"{""type"":""MultiPoint"",""coordinates"":[]}"
2_000100000000000016ab,-0.5325724285073458,Sahiwal District,3,2026,"{""type"":""MultiPoint"",""coordinates"":[]}"
2_000100000000000016ac,-0.5652157324160323,Sargodha District,3,2026,"{""type"":""MultiPoint"",""coordinates"":[]}"
2_000100000000000016ad,-0.6056309497958461,Sheikhupura District,3,2026,"{""type"":""MultiPoint"",""coordinates"":[]}"
2_000100000000000016ae,-0.599303251526401,Sialkot District,3,2026,"{""type"":""MultiPoint"",""coordinates"":[]}"
2_000100000000000016af,-0.5731173041148783,Toba Tek Singh District,3,2026,"{""type"":""MultiPoint"",""coordinates"":[]}"
2_000100000000000016b0,-0.5289550905419561,Vehari District,3,2026,"{""type"":""MultiPoint"",""coordinates"":[]}"
3_0001000000000000168f,-0.37729228708756624,Attock District,4,2026,"{""type"":""MultiPoint"",""coordinates"":[]}"
3_00010000000000001690,-0.30356250012161196,Bahawalnagar District,4,2026,"{""type"":""MultiPoint"",""coordinates"":[]}"
3_00010000000000001691,-0.23906817124426155,Bahawalpur District,4,2026,"{""type"":""MultiPoint"",""coordinates"":[]}"
3_00010000000000001692,-0.26968603940035807,Bhakkar District,4,2026,"{""type"":""MultiPoint"",""coordinates"":[]}"
3_00010000000000001693,-0.3686839602360121,Chakwal District,4,2026,"{""type"":""MultiPoint"",""coordinates"":[]}"
3_00010000000000001694,-0.28093400504514143,Dera Ghazi Khan District,4,2026,"{""type"":""MultiPoint"",""coordinates"":[]}"
3_00010000000000001695,-0.3914071330792432,Faisalabad District,4,2026,"{""type"":""MultiPoint"",""coordinates"":[]}"
3_00010000000000001696,-0.4195714971852955,Gujranwala District,4,2026,"{""type"":""MultiPoint"",""coordinates"":[]}"
3_00010000000000001697,-0.4233768454030425,Gujrat District,4,2026,"{""type"":""MultiPoint"",""coordinates"":[]}"
3_00010000000000001698,-0.38648286956616795,Hafizabad District,4,2026,"{""type"":""MultiPoint"",""coordinates"":[]}"
3_00010000000000001699,-0.36826560726831425,Jhang District,4,2026,"{""type"":""MultiPoint"",""coordinates"":[]}"
3_0001000000000000169a,-0.3982272369878195,Jhelum District,4,2026,"{""type"":""MultiPoint"",""coordinates"":[]}"
3_0001000000000000169b,-0.4366672484518926,Kasur District,4,2026,"{""type"":""MultiPoint"",""coordinates"":[]}"
3_0001000000000000169c,-0.37460076724805913,Khanewal District,4,2026,"{""type"":""MultiPoint"",""coordinates"":[]}"
3_0001000000000000169d,-0.33488592854849125,Khushab District,4,2026,"{""type"":""MultiPoint"",""coordinates"":[]}"
3_0001000000000000169e,-0.36887746186288456,Lahore District,4,2026,"{""type"":""MultiPoint"",""coordinates"":[]}"
3_0001000000000000169f,-0.28927580893974086,Layyah District,4,2026,"{""type"":""MultiPoint"",""coordinates"":[]}"
3_000100000000000016a0,-0.3556725476326563,Lodhran District,4,2026,"{""type"":""MultiPoint"",""coordinates"":[]}"
3_000100000000000016a1,-0.43122929925610065,Mandi Bahauddin District,4,2026,"{""type"":""MultiPoint"",""coordinates"":[]}"
3_000100000000000016a2,-0.3152404758994677,Mianwali District,4,2026,"{""type"":""MultiPoint"",""coordinates"":[]}"
3_000100000000000016a3,-0.3741867485331634,Multan District,4,2026,"{""type"":""MultiPoint"",""coordinates"":[]}"
3_000100000000000016a4,-0.31510996712100814,Muzaffargarh District,4,2026,"{""type"":""MultiPoint"",""coordinates"":[]}"
3_000100000000000016a5,-0.43864202408812114,Narowal District,4,2026,"{""type"":""MultiPoint"",""coordinates"":[]}"
3_000100000000000016a6,-0.46235234591364993,Okara District,4,2026,"{""type"":""MultiPoint"",""coordinates"":[]}"
3_000100000000000016a7,-0.4560551568881321,Pakpattan District,4,2026,"{""type"":""MultiPoint"",""coordinates"":[]}"
3_000100000000000016a8,-0.2845079939480603,Rahim Yar Khan District,4,2026,"{""type"":""MultiPoint"",""coordinates"":[]}"
3_000100000000000016a9,-0.2385180579968569,Rajanpur District,4,2026,"{""type"":""MultiPoint"",""coordinates"":[]}"
3_000100000000000016aa,-0.4533017908207837,Rawalpindi District,4,2026,"{""type"":""MultiPoint"",""coordinates"":[]}"
3_000100000000000016ab,-0.4452531189091154,Sahiwal District,4,2026,"{""type"":""MultiPoint"",""coordinates"":[]}"
3_000100000000000016ac,-0.42575302776020996,Sargodha District,4,2026,"{""type"":""MultiPoint"",""coordinates"":[]}"
3_000100000000000016ad,-0.4016927472046121,Sheikhupura District,4,2026,"{""type"":""MultiPoint"",""coordinates"":[]}"
3_000100000000000016ae,-0.4632059768528524,Sialkot District,4,2026,"{""type"":""MultiPoint"",""coordinates"":[]}"
3_000100000000000016af,-0.3860747539497364,Toba Tek Singh District,4,2026,"{""type"":""MultiPoint"",""coordinates"":[]}"
3_000100000000000016b0,-0.4264199629261826,Vehari District,4,2026,"{""type"":""MultiPoint"",""coordinates"":[]}"
4_0001000000000000168f,-0.319229373142769,Attock District,5,2026,"{""type"":""MultiPoint"",""coordinates"":[]}"
4_00010000000000001690,-0.2619337173346672,Bahawalnagar District,5,2026,"{""type"":""MultiPoint"",""coordinates"":[]}"
4_00010000000000001691,-0.22200551306430233,Bahawalpur District,5,2026,"{""type"":""MultiPoint"",""coordinates"":[]}"
4_00010000000000001692,-0.24750730326816792,Bhakkar District,5,2026,"{""type"":""MultiPoint"",""coordinates"":[]}"
4_00010000000000001693,-0.3278174091386821,Chakwal District,5,2026,"{""type"":""MultiPoint"",""coordinates"":[]}"
4_00010000000000001694,-0.25928669850655334,Dera Ghazi Khan District,5,2026,"{""type"":""MultiPoint"",""coordinates"":[]}"
4_00010000000000001695,-0.3554683148988129,Faisalabad District,5,2026,"{""type"":""MultiPoint"",""coordinates"":[]}"
4_00010000000000001696,-0.3188684705280117,Gujranwala District,5,2026,"{""type"":""MultiPoint"",""coordinates"":[]}"
4_00010000000000001697,-0.33062833153742427,Gujrat District,5,2026,"{""type"":""MultiPoint"",""coordinates"":[]}"
4_00010000000000001698,-0.2838205126323088,Hafizabad District,5,2026,"{""type"":""MultiPoint"",""coordinates"":[]}"
4_00010000000000001699,-0.323717796113656,Jhang District,5,2026,"{""type"":""MultiPoint"",""coordinates"":[]}"
4_0001000000000000169a,-0.3430182090797156,Jhelum District,5,2026,"{""type"":""MultiPoint"",""coordinates"":[]}"
4_0001000000000000169b,-0.3994385397825185,Kasur District,5,2026,"{""type"":""MultiPoint"",""coordinates"":[]}"
4_0001000000000000169c,-0.3520413729485604,Khanewal District,5,2026,"{""type"":""MultiPoint"",""coordinates"":[]}"
4_0001000000000000169d,-0.30522620778449505,Khushab District,5,2026,"{""type"":""MultiPoint"",""coordinates"":[]}"
4_0001000000000000169e,-0.32447810764965324,Lahore District,5,2026,"{""type"":""MultiPoint"",""coordinates"":[]}"
4_0001000000000000169f,-0.26435439269622146,Layyah District,5,2026,"{""type"":""MultiPoint"",""coordinates"":[]}"
4_000100000000000016a0,-0.31952328082537923,Lodhran District,5,2026,"{""type"":""MultiPoint"",""coordinates"":[]}"
4_000100000000000016a1,-0.3618742722915461,Mandi Bahauddin District,5,2026,"{""type"":""MultiPoint"",""coordinates"":[]}"
4_000100000000000016a2,-0.2751126197960914,Mianwali District,5,2026,"{""type"":""MultiPoint"",""coordinates"":[]}"
4_000100000000000016a3,-0.3479713546651279,Multan District,5,2026,"{""type"":""MultiPoint"",""coordinates"":[]}"
4_000100000000000016a4,-0.3025618862804886,Muzaffargarh District,5,2026,"{""type"":""MultiPoint"",""coordinates"":[]}"
4_000100000000000016a5,-0.3445123168531616,Narowal District,5,2026,"{""type"":""MultiPoint"",""coordinates"":[]}"
4_000100000000000016a6,-0.4233943260480878,Okara District,5,2026,"{""type"":""MultiPoint"",""coordinates"":[]}"
4_000100000000000016a7,-0.40593687761212427,Pakpattan District,5,2026,"{""type"":""MultiPoint"",""coordinates"":[]}"
4_000100000000000016a8,-0.2715560383984242,Rahim Yar Khan District,5,2026,"{""type"":""MultiPoint"",""coordinates"":[]}"
4_000100000000000016a9,-0.22434857636587724,Rajanpur District,5,2026,"{""type"":""MultiPoint"",""coordinates"":[]}"
4_000100000000000016aa,-0.38356432166170923,Rawalpindi District,5,2026,"{""type"":""MultiPoint"",""coordinates"":[]}"
4_000100000000000016ab,-0.3997649920585784,Sahiwal District,5,2026,"{""type"":""MultiPoint"",""coordinates"":[]}"
4_000100000000000016ac,-0.3619936378145675,Sargodha District,5,2026,"{""type"":""MultiPoint"",""coordinates"":[]}"
4_000100000000000016ad,-0.316574261264329,Sheikhupura District,5,2026,"{""type"":""MultiPoint"",""coordinates"":[]}"
4_000100000000000016ae,-0.3575777764206487,Sialkot District,5,2026,"{""type"":""MultiPoint"",""coordinates"":[]}"
4_000100000000000016af,-0.36429875198694406,Toba Tek Singh District,5,2026,"{""type"":""MultiPoint"",""coordinates"":[]}"
4_000100000000000016b0,-0.37094768370209485,Vehari District,5,2026,"{""type"":""MultiPoint"",""coordinates"":[]}"
5_0001000000000000168f,-0.3102343451097643,Attock District,6,2026,"{""type"":""MultiPoint"",""coordinates"":[]}"
5_00010000000000001690,-0.28926211766529736,Bahawalnagar District,6,2026,"{""type"":""MultiPoint"",""coordinates"":[]}"
5_00010000000000001691,-0.2296095370046934,Bahawalpur District,6,2026,"{""type"":""MultiPoint"",""coordinates"":[]}"
5_00010000000000001692,-0.2597834267708446,Bhakkar District,6,2026,"{""type"":""MultiPoint"",""coordinates"":[]}"
5_00010000000000001693,-0.3413636498811312,Chakwal District,6,2026,"{""type"":""MultiPoint"",""coordinates"":[]}"
5_00010000000000001694,-0.24602555795507133,Dera Ghazi Khan District,6,2026,"{""type"":""MultiPoint"",""coordinates"":[]}"
5_00010000000000001695,-0.36895731006418725,Faisalabad District,6,2026,"{""type"":""MultiPoint"",""coordinates"":[]}"
5_00010000000000001696,-0.27732361918040327,Gujranwala District,6,2026,"{""type"":""MultiPoint"",""coordinates"":[]}"
5_00010000000000001697,-0.3436228408063278,Gujrat District,6,2026,"{""type"":""MultiPoint"",""coordinates"":[]}"
5_00010000000000001698,-0.2709651226096291,Hafizabad District,6,2026,"{""type"":""MultiPoint"",""coordinates"":[]}"
5_00010000000000001699,-0.33497614027183803,Jhang District,6,2026,"{""type"":""MultiPoint"",""coordinates"":[]}"
5_0001000000000000169a,-0.33362413069518226,Jhelum District,6,2026,"{""type"":""MultiPoint"",""coordinates"":[]}"
5_0001000000000000169b,-0.3666744656522141,Kasur District,6,2026,"{""type"":""MultiPoint"",""coordinates"":[]}"
5_0001000000000000169c,-0.36933429892008396,Khanewal District,6,2026,"{""type"":""MultiPoint"",""coordinates"":[]}"
5_0001000000000000169d,-0.28887384142031053,Khushab District,6,2026,"{""type"":""MultiPoint"",""coordinates"":[]}"
5_0001000000000000169e,-0.31775191884488485,Lahore District,6,2026,"{""type"":""MultiPoint"",""coordinates"":[]}"
5_0001000000000000169f,-0.2747986035423889,Layyah District,6,2026,"{""type"":""MultiPoint"",""coordinates"":[]}"
5_000100000000000016a0,-0.3455452056226538,Lodhran District,6,2026,"{""type"":""MultiPoint"",""coordinates"":[]}"
5_000100000000000016a1,-0.373476637461312,Mandi Bahauddin District,6,2026,"{""type"":""MultiPoint"",""coordinates"":[]}"
5_000100000000000016a2,-0.2732548697628828,Mianwali District,6,2026,"{""type"":""MultiPoint"",""coordinates"":[]}"
5_000100000000000016a3,-0.34865956158246947,Multan District,6,2026,"{""type"":""MultiPoint"",""coordinates"":[]}"
5_000100000000000016a4,-0.3258692030635066,Muzaffargarh District,6,2026,"{""type"":""MultiPoint"",""coordinates"":[]}"
5_000100000000000016a5,-0.3090093289461036,Narowal District,6,2026,"{""type"":""MultiPoint"",""coordinates"":[]}"
5_000100000000000016a6,-0.35499310457192573,Okara District,6,2026,"{""type"":""MultiPoint"",""coordinates"":[]}"
5_000100000000000016a7,-0.34630105336216743,Pakpattan District,6,2026,"{""type"":""MultiPoint"",""coordinates"":[]}"
5_000100000000000016a8,-0.30443977899658703,Rahim Yar Khan District,6,2026,"{""type"":""MultiPoint"",""coordinates"":[]}"
5_000100000000000016a9,-0.2257087434145639,Rajanpur District,6,2026,"{""type"":""MultiPoint"",""coordinates"":[]}"
5_000100000000000016aa,-0.39738628797697634,Rawalpindi District,6,2026,"{""type"":""MultiPoint"",""coordinates"":[]}"
5_000100000000000016ab,-0.3648887685738495,Sahiwal District,6,2026,"{""type"":""MultiPoint"",""coordinates"":[]}"
5_000100000000000016ac,-0.3902665854816217,Sargodha District,6,2026,"{""type"":""MultiPoint"",""coordinates"":[]}"
5_000100000000000016ad,-0.28070512181206153,Sheikhupura District,6,2026,"{""type"":""MultiPoint"",""coordinates"":[]}"
5_000100000000000016ae,-0.32887642694756475,Sialkot District,6,2026,"{""type"":""MultiPoint"",""coordinates"":[]}"
5_000100000000000016af,-0.34837476112949267,Toba Tek Singh District,6,2026,"{""type"":""MultiPoint"",""coordinates"":[]}"
5_000100000000000016b0,-0.3552507786827095,Vehari District,6,2026,"{""type"":""MultiPoint"",""coordinates"":[]}"
6_0001000000000000168f,-0.3062068522162492,Attock District,7,2026,"{""type"":""MultiPoint"",""coordinates"":[]}"
6_00010000000000001690,-0.3255589899473545,Bahawalnagar District,7,2026,"{""type"":""MultiPoint"",""coordinates"":[]}"
6_00010000000000001691,-0.24394842218409094,Bahawalpur District,7,2026,"{""type"":""MultiPoint"",""coordinates"":[]}"
6_00010000000000001692,-0.26245844012334224,Bhakkar District,7,2026,"{""type"":""MultiPoint"",""coordinates"":[]}"
6_00010000000000001693,-0.3383106170684732,Chakwal District,7,2026,"{""type"":""MultiPoint"",""coordinates"":[]}"
6_00010000000000001694,-0.25319400674792686,Dera Ghazi Khan District,7,2026,"{""type"":""MultiPoint"",""coordinates"":[]}"
6_00010000000000001695,-0.3463134629300351,Faisalabad District,7,2026,"{""type"":""MultiPoint"",""coordinates"":[]}"
6_00010000000000001696,-0.3032179521117965,Gujranwala District,7,2026,"{""type"":""MultiPoint"",""coordinates"":[]}"
6_00010000000000001697,-0.29041034176302255,Gujrat District,7,2026,"{""type"":""MultiPoint"",""coordinates"":[]}"
6_00010000000000001698,-0.2561355315935009,Hafizabad District,7,2026,"{""type"":""MultiPoint"",""coordinates"":[]}"
6_00010000000000001699,-0.33920782123762533,Jhang District,7,2026,"{""type"":""MultiPoint"",""coordinates"":[]}"
6_0001000000000000169a,-0.31387308173594847,Jhelum District,7,2026,"{""type"":""MultiPoint"",""coordinates"":[]}"
6_0001000000000000169b,-0.3614179900996138,Kasur District,7,2026,"{""type"":""MultiPoint"",""coordinates"":[]}"
6_0001000000000000169c,-0.3787181349831712,Khanewal District,7,2026,"{""type"":""MultiPoint"",""coordinates"":[]}"
6_0001000000000000169d,-0.27652920516159496,Khushab District,7,2026,"{""type"":""MultiPoint"",""coordinates"":[]}"
6_0001000000000000169e,-0.3218483279588165,Lahore District,7,2026,"{""type"":""MultiPoint"",""coordinates"":[]}"
6_0001000000000000169f,-0.2796868371942667,Layyah District,7,2026,"{""type"":""MultiPoint"",""coordinates"":[]}"
6_000100000000000016a0,-0.34113490604620667,Lodhran District,7,2026,"{""type"":""MultiPoint"",""coordinates"":[]}"
6_000100000000000016a1,-0.3589594499266844,Mandi Bahauddin District,7,2026,"{""type"":""MultiPoint"",""coordinates"":[]}"
6_000100000000000016a2,-0.2933389380371129,Mianwali District,7,2026,"{""type"":""MultiPoint"",""coordinates"":[]}"
6_000100000000000016a3,-0.35563382256468984,Multan District,7,2026,"{""type"":""MultiPoint"",""coordinates"":[]}"
6_000100000000000016a4,-0.34134950788097573,Muzaffargarh District,7,2026,"{""type"":""MultiPoint"",""coordinates"":[]}"
6_000100000000000016a5,-0.29275534465027714,Narowal District,7,2026,"{""type"":""MultiPoint"",""coordinates"":[]}"
6_000100000000000016a6,-0.28632263173133066,Okara District,7,2026,"{""type"":""MultiPoint"",""coordinates"":[]}"
6_000100000000000016a7,-0.32490187357286454,Pakpattan District,7,2026,"{""type"":""MultiPoint"",""coordinates"":[]}"
6_000100000000000016a8,-0.340204931512795,Rahim Yar Khan District,7,2026,"{""type"":""MultiPoint"",""coordinates"":[]}"
6_000100000000000016a9,-0.23825564815528072,Rajanpur District,7,2026,"{""type"":""MultiPoint"",""coordinates"":[]}"
6_000100000000000016aa,-0.3829362066623177,Rawalpindi District,7,2026,"{""type"":""MultiPoint"",""coordinates"":[]}"
6_000100000000000016ab,-0.34365190590507905,Sahiwal District,7,2026,"{""type"":""MultiPoint"",""coordinates"":[]}"
6_000100000000000016ac,-0.37682192801526543,Sargodha District,7,2026,"{""type"":""MultiPoint"",""coordinates"":[]}"
6_000100000000000016ad,-0.273428511403205,Sheikhupura District,7,2026,"{""type"":""MultiPoint"",""coordinates"":[]}"
6_000100000000000016ae,-0.32106187494914085,Sialkot District,7,2026,"{""type"":""MultiPoint"",""coordinates"":[]}"
6_000100000000000016af,-0.34787493294759997,Toba Tek Singh District,7,2026,"{""type"":""MultiPoint"",""coordinates"":[]}"
6_000100000000000016b0,-0.3341261826140666,Vehari District,7,2026,"{""type"":""MultiPoint"",""coordinates"":[]}"
7_0001000000000000168f,-0.41971005396505356,Attock District,8,2026,"{""type"":""MultiPoint"",""coordinates"":[]}"
7_00010000000000001690,-0.4016271165565053,Bahawalnagar District,8,2026,"{""type"":""MultiPoint"",""coordinates"":[]}"
7_00010000000000001691,-0.2732930249516562,Bahawalpur District,8,2026,"{""type"":""MultiPoint"",""coordinates"":[]}"
7_00010000000000001692,-0.26368193283594654,Bhakkar District,8,2026,"{""type"":""MultiPoint"",""coordinates"":[]}"
7_00010000000000001693,-0.40556477738275737,Chakwal District,8,2026,"{""type"":""MultiPoint"",""coordinates"":[]}"
7_00010000000000001694,-0.29845876594433485,Dera Ghazi Khan District,8,2026,"{""type"":""MultiPoint"",""coordinates"":[]}"
7_00010000000000001695,-0.46659092882167774,Faisalabad District,8,2026,"{""type"":""MultiPoint"",""coordinates"":[]}"
7_00010000000000001696,-0.43648848427428666,Gujranwala District,8,2026,"{""type"":""MultiPoint"",""coordinates"":[]}"
7_00010000000000001697,-0.4080758278189958,Gujrat District,8,2026,"{""type"":""MultiPoint"",""coordinates"":[]}"
7_00010000000000001698,-0.504754130753938,Hafizabad District,8,2026,"{""type"":""MultiPoint"",""coordinates"":[]}"
7_00010000000000001699,-0.44495539033282994,Jhang District,8,2026,"{""type"":""MultiPoint"",""coordinates"":[]}"
7_0001000000000000169a,-0.43356287072986327,Jhelum District,8,2026,"{""type"":""MultiPoint"",""coordinates"":[]}"
7_0001000000000000169b,-0.5145235648675758,Kasur District,8,2026,"{""type"":""MultiPoint"",""coordinates"":[]}"
7_0001000000000000169c,-0.42349059051858373,Khanewal District,8,2026,"{""type"":""MultiPoint"",""coordinates"":[]}"
7_0001000000000000169d,-0.34686662384620387,Khushab District,8,2026,"{""type"":""MultiPoint"",""coordinates"":[]}"
7_0001000000000000169e,-0.37216153550380654,Lahore District,8,2026,"{""type"":""MultiPoint"",""coordinates"":[]}"
7_0001000000000000169f,-0.29295303440546416,Layyah District,8,2026,"{""type"":""MultiPoint"",""coordinates"":[]}"
7_000100000000000016a0,-0.36847786874729277,Lodhran District,8,2026,"{""type"":""MultiPoint"",""coordinates"":[]}"
7_000100000000000016a1,-0.46567950259504964,Mandi Bahauddin District,8,2026,"{""type"":""MultiPoint"",""coordinates"":[]}"
7_000100000000000016a2,-0.32286578836106755,Mianwali District,8,2026,"{""type"":""MultiPoint"",""coordinates"":[]}"
7_000100000000000016a3,-0.3856871321944733,Multan District,8,2026,"{""type"":""MultiPoint"",""coordinates"":[]}"
7_000100000000000016a4,-0.36113168826458625,Muzaffargarh District,8,2026,"{""type"":""MultiPoint"",""coordinates"":[]}"
7_000100000000000016a5,-0.37403952057048295,Narowal District,8,2026,"{""type"":""MultiPoint"",""coordinates"":[]}"
7_000100000000000016a6,-0.5406523523863302,Okara District,8,2026,"{""type"":""MultiPoint"",""coordinates"":[]}"
7_000100000000000016a7,-0.48331448314756187,Pakpattan District,8,2026,"{""type"":""MultiPoint"",""coordinates"":[]}"
7_000100000000000016a8,-0.37995301840195067,Rahim Yar Khan District,8,2026,"{""type"":""MultiPoint"",""coordinates"":[]}"
7_000100000000000016a9,-0.2530801087518992,Rajanpur District,8,2026,"{""type"":""MultiPoint"",""coordinates"":[]}"
7_000100000000000016aa,-0.4731893272427927,Rawalpindi District,8,2026,"{""type"":""MultiPoint"",""coordinates"":[]}"
7_000100000000000016ab,-0.4744930288921622,Sahiwal District,8,2026,"{""type"":""MultiPoint"",""coordinates"":[]}"
7_000100000000000016ac,-0.46610198866722435,Sargodha District,8,2026,"{""type"":""MultiPoint"",""coordinates"":[]}"
7_000100000000000016ad,-0.484628486541353,Sheikhupura District,8,2026,"{""type"":""MultiPoint"",""coordinates"":[]}"
7_000100000000000016ae,-0.3670069247689343,Sialkot District,8,2026,"{""type"":""MultiPoint"",""coordinates"":[]}"
7_000100000000000016af,-0.4619253863580984,Toba Tek Singh District,8,2026,"{""type"":""MultiPoint"",""coordinates"":[]}"
7_000100000000000016b0,-0.40196853011223693,Vehari District,8,2026,"{""type"":""MultiPoint"",""coordinates"":[]}"
