system:index,district,month,rainfall_mean_mm_per_day,rainfall_total_mm,year,.geo
0_0001000000000000168f,Attock District,1,0.43177519207472553,13.385030950895938,2024,"{""type"":""MultiPoint"",""coordinates"":[]}"
0_00010000000000001690,Bahawalnagar District,1,0.24095857031976275,7.46971565656077,2024,"{""type"":""MultiPoint"",""coordinates"":[]}"
0_00010000000000001691,Bahawalpur District,1,0.13481205038378047,4.179173557589127,2024,"{""type"":""MultiPoint"",""coordinates"":[]}"
0_00010000000000001692,Bhakkar District,1,0.17916863583220446,5.554227711099846,2024,"{""type"":""MultiPoint"",""coordinates"":[]}"
0_00010000000000001693,Chakwal District,1,0.38131082589314697,11.820635593242566,2024,"{""type"":""MultiPoint"",""coordinates"":[]}"
0_00010000000000001694,Dera Ghazi Khan District,1,0.23644298365517324,7.329732495051116,2024,"{""type"":""MultiPoint"",""coordinates"":[]}"
0_00010000000000001695,Faisalabad District,1,0.2399538493419075,7.438569338851085,2024,"{""type"":""MultiPoint"",""coordinates"":[]}"
0_00010000000000001696,Gujranwala District,1,0.2963554386604292,9.187018588202017,2024,"{""type"":""MultiPoint"",""coordinates"":[]}"
0_00010000000000001697,Gujrat District,1,0.39912278439028737,12.372806319890108,2024,"{""type"":""MultiPoint"",""coordinates"":[]}"
0_00010000000000001698,Hafizabad District,1,0.3397838166466627,10.53329831652276,2024,"{""type"":""MultiPoint"",""coordinates"":[]}"
0_00010000000000001699,Jhang District,1,0.15361121470862857,4.761947663973301,2024,"{""type"":""MultiPoint"",""coordinates"":[]}"
0_0001000000000000169a,Jhelum District,1,0.39893697289684094,12.367046141749178,2024,"{""type"":""MultiPoint"",""coordinates"":[]}"
0_0001000000000000169b,Kasur District,1,0.2621553456409398,8.126815715035304,2024,"{""type"":""MultiPoint"",""coordinates"":[]}"
0_0001000000000000169c,Khanewal District,1,0.1664643798061324,5.160395775051549,2024,"{""type"":""MultiPoint"",""coordinates"":[]}"
0_0001000000000000169d,Khushab District,1,0.22458018235137095,6.961985666183531,2024,"{""type"":""MultiPoint"",""coordinates"":[]}"
0_0001000000000000169e,Lahore District,1,0.3031721499618498,9.398336618507315,2024,"{""type"":""MultiPoint"",""coordinates"":[]}"
0_0001000000000000169f,Layyah District,1,0.19411296522358557,6.017501910698608,2024,"{""type"":""MultiPoint"",""coordinates"":[]}"
0_000100000000000016a0,Lodhran District,1,0.19905690158017525,6.170763954529249,2024,"{""type"":""MultiPoint"",""coordinates"":[]}"
0_000100000000000016a1,Mandi Bahauddin District,1,0.4037892513047844,12.517466761043092,2024,"{""type"":""MultiPoint"",""coordinates"":[]}"
0_000100000000000016a2,Mianwali District,1,0.34658740779172353,10.74420962730525,2024,"{""type"":""MultiPoint"",""coordinates"":[]}"
0_000100000000000016a3,Multan District,1,0.22421437499934463,6.950645626513342,2024,"{""type"":""MultiPoint"",""coordinates"":[]}"
0_000100000000000016a4,Muzaffargarh District,1,0.229864627419112,7.125803447059158,2024,"{""type"":""MultiPoint"",""coordinates"":[]}"
0_000100000000000016a5,Narowal District,1,0.47934234157441546,14.859612575474994,2024,"{""type"":""MultiPoint"",""coordinates"":[]}"
0_000100000000000016a6,Okara District,1,0.25148015248543765,7.795884711396962,2024,"{""type"":""MultiPoint"",""coordinates"":[]}"
0_000100000000000016a7,Pakpattan District,1,0.24693969766289048,7.655130641660962,2024,"{""type"":""MultiPoint"",""coordinates"":[]}"
0_000100000000000016a8,Rahim Yar Khan District,1,0.20023525116102858,6.2072927747428785,2024,"{""type"":""MultiPoint"",""coordinates"":[]}"
0_000100000000000016a9,Rajanpur District,1,0.354709271832335,10.995987418583654,2024,"{""type"":""MultiPoint"",""coordinates"":[]}"
0_000100000000000016aa,Rawalpindi District,1,0.6393904479992961,19.82110380158001,2024,"{""type"":""MultiPoint"",""coordinates"":[]}"
0_000100000000000016ab,Sahiwal District,1,0.25542206933265516,7.918084197598371,2024,"{""type"":""MultiPoint"",""coordinates"":[]}"
0_000100000000000016ac,Sargodha District,1,0.2803855612026002,8.691952408666452,2024,"{""type"":""MultiPoint"",""coordinates"":[]}"
0_000100000000000016ad,Sheikhupura District,1,0.28535627209287556,8.846044459425205,2024,"{""type"":""MultiPoint"",""coordinates"":[]}"
0_000100000000000016ae,Sialkot District,1,0.447260372483921,13.865071601080354,2024,"{""type"":""MultiPoint"",""coordinates"":[]}"
0_000100000000000016af,Toba Tek Singh District,1,0.19171601372120933,5.94319639478823,2024,"{""type"":""MultiPoint"",""coordinates"":[]}"
0_000100000000000016b0,Vehari District,1,0.18653314110895408,5.782527376185298,2024,"{""type"":""MultiPoint"",""coordinates"":[]}"
1_0001000000000000168f,Attock District,2,2.126193353425326,61.65960726082829,2024,"{""type"":""MultiPoint"",""coordinates"":[]}"
1_00010000000000001690,Bahawalnagar District,2,0.21963428737642193,6.3693943364804735,2024,"{""type"":""MultiPoint"",""coordinates"":[]}"
1_00010000000000001691,Bahawalpur District,2,0.2174753764236291,6.306785922789923,2024,"{""type"":""MultiPoint"",""coordinates"":[]}"
1_00010000000000001692,Bhakkar District,2,0.4074060553073926,11.814775584442787,2024,"{""type"":""MultiPoint"",""coordinates"":[]}"
1_00010000000000001693,Chakwal District,2,1.4404933126013626,41.77430610077354,2024,"{""type"":""MultiPoint"",""coordinates"":[]}"
1_00010000000000001694,Dera Ghazi Khan District,2,0.3622609138636408,10.505566502849483,2024,"{""type"":""MultiPoint"",""coordinates"":[]}"
1_00010000000000001695,Faisalabad District,2,0.4913013720599824,14.247739780945652,2024,"{""type"":""MultiPoint"",""coordinates"":[]}"
1_00010000000000001696,Gujranwala District,2,0.9540335590347844,27.666973204355465,2024,"{""type"":""MultiPoint"",""coordinates"":[]}"
1_00010000000000001697,Gujrat District,2,1.5487540192654492,44.91386653020822,2024,"{""type"":""MultiPoint"",""coordinates"":[]}"
1_00010000000000001698,Hafizabad District,2,0.6991193881090565,20.274462232924538,2024,"{""type"":""MultiPoint"",""coordinates"":[]}"
1_00010000000000001699,Jhang District,2,0.3824227943189273,11.090261048293094,2024,"{""type"":""MultiPoint"",""coordinates"":[]}"
1_0001000000000000169a,Jhelum District,2,1.5968907506219443,46.309831738800085,2024,"{""type"":""MultiPoint"",""coordinates"":[]}"
1_0001000000000000169b,Kasur District,2,0.4032870227751509,11.69532371127857,2024,"{""type"":""MultiPoint"",""coordinates"":[]}"
1_0001000000000000169c,Khanewal District,2,0.26473053344515024,7.6771854519463245,2024,"{""type"":""MultiPoint"",""coordinates"":[]}"
1_0001000000000000169d,Khushab District,2,0.6903902990501231,20.02131870130683,2024,"{""type"":""MultiPoint"",""coordinates"":[]}"
1_0001000000000000169e,Lahore District,2,0.49258553665937627,14.284980548031626,2024,"{""type"":""MultiPoint"",""coordinates"":[]}"
1_0001000000000000169f,Layyah District,2,0.29057774515088586,8.426754598384388,2024,"{""type"":""MultiPoint"",""coordinates"":[]}"
1_000100000000000016a0,Lodhran District,2,0.3207423771265463,9.301528931826928,2024,"{""type"":""MultiPoint"",""coordinates"":[]}"
1_000100000000000016a1,Mandi Bahauddin District,2,1.1206638944339264,32.499252928567984,2024,"{""type"":""MultiPoint"",""coordinates"":[]}"
1_000100000000000016a2,Mianwali District,2,1.0395927128591258,30.148188647899214,2024,"{""type"":""MultiPoint"",""coordinates"":[]}"
1_000100000000000016a3,Multan District,2,0.30263108594015464,8.776301492208066,2024,"{""type"":""MultiPoint"",""coordinates"":[]}"
1_000100000000000016a4,Muzaffargarh District,2,0.2775662535171359,8.04942134416816,2024,"{""type"":""MultiPoint"",""coordinates"":[]}"
1_000100000000000016a5,Narowal District,2,1.3355957662304816,38.73227731802393,2024,"{""type"":""MultiPoint"",""coordinates"":[]}"
1_000100000000000016a6,Okara District,2,0.3187460762385668,9.243636225662058,2024,"{""type"":""MultiPoint"",""coordinates"":[]}"
1_000100000000000016a7,Pakpattan District,2,0.25471731499134026,7.3868021573082,2024,"{""type"":""MultiPoint"",""coordinates"":[]}"
1_000100000000000016a8,Rahim Yar Khan District,2,0.30386629520766395,8.812122556746486,2024,"{""type"":""MultiPoint"",""coordinates"":[]}"
1_000100000000000016a9,Rajanpur District,2,0.47173981138585,13.680454539083598,2024,"{""type"":""MultiPoint"",""coordinates"":[]}"
1_000100000000000016aa,Rawalpindi District,2,2.083709117239455,60.42756446299279,2024,"{""type"":""MultiPoint"",""coordinates"":[]}"
1_000100000000000016ab,Sahiwal District,2,0.2607383849500273,7.561413195730415,2024,"{""type"":""MultiPoint"",""coordinates"":[]}"
1_000100000000000016ac,Sargodha District,2,0.6606990584094901,19.160272695372797,2024,"{""type"":""MultiPoint"",""coordinates"":[]}"
1_000100000000000016ad,Sheikhupura District,2,0.7332517314104354,21.26430020556134,2024,"{""type"":""MultiPoint"",""coordinates"":[]}"
1_000100000000000016ae,Sialkot District,2,1.2512075536723821,36.28501896492222,2024,"{""type"":""MultiPoint"",""coordinates"":[]}"
1_000100000000000016af,Toba Tek Singh District,2,0.297924678963458,8.639815666913126,2024,"{""type"":""MultiPoint"",""coordinates"":[]}"
1_000100000000000016b0,Vehari District,2,0.23269243259323094,6.748080556869868,2024,"{""type"":""MultiPoint"",""coordinates"":[]}"
2_0001000000000000168f,Attock District,3,3.0596776900038396,94.85000859597797,2024,"{""type"":""MultiPoint"",""coordinates"":[]}"
2_00010000000000001690,Bahawalnagar District,3,0.2233194321241111,6.922902393428708,2024,"{""type"":""MultiPoint"",""coordinates"":[]}"
2_00010000000000001691,Bahawalpur District,3,0.06683631685815962,2.071925818528937,2024,"{""type"":""MultiPoint"",""coordinates"":[]}"
2_00010000000000001692,Bhakkar District,3,1.1131468523907544,34.50755244760771,2024,"{""type"":""MultiPoint"",""coordinates"":[]}"
2_00010000000000001693,Chakwal District,3,2.3499136481126333,72.84732308598805,2024,"{""type"":""MultiPoint"",""coordinates"":[]}"
2_00010000000000001694,Dera Ghazi Khan District,3,0.8459656902934813,26.22493635340583,2024,"{""type"":""MultiPoint"",""coordinates"":[]}"
2_00010000000000001695,Faisalabad District,3,1.493734543091929,46.30577077546877,2024,"{""type"":""MultiPoint"",""coordinates"":[]}"
2_00010000000000001696,Gujranwala District,3,1.9266055879158241,59.72477329568413,2024,"{""type"":""MultiPoint"",""coordinates"":[]}"
2_00010000000000001697,Gujrat District,3,2.4862128431062893,77.07259805048012,2024,"{""type"":""MultiPoint"",""coordinates"":[]}"
2_00010000000000001698,Hafizabad District,3,1.663215111901641,51.559668274420545,2024,"{""type"":""MultiPoint"",""coordinates"":[]}"
2_00010000000000001699,Jhang District,3,1.041324304508904,32.28105346064026,2024,"{""type"":""MultiPoint"",""coordinates"":[]}"
2_0001000000000000169a,Jhelum District,3,2.253800849335383,69.86782643882863,2024,"{""type"":""MultiPoint"",""coordinates"":[]}"
2_0001000000000000169b,Kasur District,3,1.4579136950835463,45.1953246480117,2024,"{""type"":""MultiPoint"",""coordinates"":[]}"
2_0001000000000000169c,Khanewal District,3,0.33049944174011603,10.245482715053607,2024,"{""type"":""MultiPoint"",""coordinates"":[]}"
2_0001000000000000169d,Khushab District,3,1.6272828037783542,50.44576686995289,2024,"{""type"":""MultiPoint"",""coordinates"":[]}"
2_0001000000000000169e,Lahore District,3,2.382039601453845,73.84322723558317,2024,"{""type"":""MultiPoint"",""coordinates"":[]}"
2_0001000000000000169f,Layyah District,3,0.7402533291432336,22.947853245635685,2024,"{""type"":""MultiPoint"",""coordinates"":[]}"
2_000100000000000016a0,Lodhran District,3,0.18817899915477265,5.833548985916874,2024,"{""type"":""MultiPoint"",""coordinates"":[]}"
2_000100000000000016a1,Mandi Bahauddin District,3,1.9776664417254104,61.30765988519813,2024,"{""type"":""MultiPoint"",""coordinates"":[]}"
2_000100000000000016a2,Mianwali District,3,2.341439768902814,72.58463264690398,2024,"{""type"":""MultiPoint"",""coordinates"":[]}"
2_000100000000000016a3,Multan District,3,0.26317081972402867,8.158295396192418,2024,"{""type"":""MultiPoint"",""coordinates"":[]}"
2_000100000000000016a4,Muzaffargarh District,3,0.42510174225872865,13.17815400288362,2024,"{""type"":""MultiPoint"",""coordinates"":[]}"
2_000100000000000016a5,Narowal District,3,2.815080521865118,87.26749615068206,2024,"{""type"":""MultiPoint"",""coordinates"":[]}"
2_000100000000000016a6,Okara District,3,0.991579265936013,30.738957243562986,2024,"{""type"":""MultiPoint"",""coordinates"":[]}"
2_000100000000000016a7,Pakpattan District,3,0.36620293676703153,11.352291046364181,2024,"{""type"":""MultiPoint"",""coordinates"":[]}"
2_000100000000000016a8,Rahim Yar Khan District,3,0.12260168401942412,3.8006522088512322,2024,"{""type"":""MultiPoint"",""coordinates"":[]}"
2_000100000000000016a9,Rajanpur District,3,0.39085632878934834,12.116546192798696,2024,"{""type"":""MultiPoint"",""coordinates"":[]}"
2_000100000000000016aa,Rawalpindi District,3,3.2107720737700345,99.53393398221587,2024,"{""type"":""MultiPoint"",""coordinates"":[]}"
2_000100000000000016ab,Sahiwal District,3,0.545289559472507,16.903976380944727,2024,"{""type"":""MultiPoint"",""coordinates"":[]}"
2_000100000000000016ac,Sargodha District,3,1.7862033774132724,55.37230459011378,2024,"{""type"":""MultiPoint"",""coordinates"":[]}"
2_000100000000000016ad,Sheikhupura District,3,2.194720994405231,68.03635090682282,2024,"{""type"":""MultiPoint"",""coordinates"":[]}"
2_000100000000000016ae,Sialkot District,3,2.871311929179828,89.01066996007185,2024,"{""type"":""MultiPoint"",""coordinates"":[]}"
2_000100000000000016af,Toba Tek Singh District,3,0.5778423658943329,17.913113307970903,2024,"{""type"":""MultiPoint"",""coordinates"":[]}"
2_000100000000000016b0,Vehari District,3,0.23373091942016094,7.245658521282097,2024,"{""type"":""MultiPoint"",""coordinates"":[]}"
3_0001000000000000168f,Attock District,4,2.894431809057804,86.83295420639416,2024,"{""type"":""MultiPoint"",""coordinates"":[]}"
3_00010000000000001690,Bahawalnagar District,4,0.18664065572928884,5.599219670286114,2024,"{""type"":""MultiPoint"",""coordinates"":[]}"
3_00010000000000001691,Bahawalpur District,4,0.3712777558962563,11.138332655021422,2024,"{""type"":""MultiPoint"",""coordinates"":[]}"
3_00010000000000001692,Bhakkar District,4,1.2786348705683117,38.35904602380244,2024,"{""type"":""MultiPoint"",""coordinates"":[]}"
3_00010000000000001693,Chakwal District,4,2.2607861502864584,67.82358444687846,2024,"{""type"":""MultiPoint"",""coordinates"":[]}"
3_00010000000000001694,Dera Ghazi Khan District,4,1.1793623883922293,35.380871658148095,2024,"{""type"":""MultiPoint"",""coordinates"":[]}"
3_00010000000000001695,Faisalabad District,4,0.419821636668145,12.594649151999864,2024,"{""type"":""MultiPoint"",""coordinates"":[]}"
3_00010000000000001696,Gujranwala District,4,0.9721056674529215,29.16317002371159,2024,"{""type"":""MultiPoint"",""coordinates"":[]}"
3_00010000000000001697,Gujrat District,4,1.7210329663438506,51.63098916150165,2024,"{""type"":""MultiPoint"",""coordinates"":[]}"
3_00010000000000001698,Hafizabad District,4,1.1358336443024208,34.07500939058699,2024,"{""type"":""MultiPoint"",""coordinates"":[]}"
3_00010000000000001699,Jhang District,4,0.5831056652249307,17.49316998085465,2024,"{""type"":""MultiPoint"",""coordinates"":[]}"
3_0001000000000000169a,Jhelum District,4,1.7996181113638863,53.98854334427472,2024,"{""type"":""MultiPoint"",""coordinates"":[]}"
3_0001000000000000169b,Kasur District,4,0.34554105371022126,10.366231622781033,2024,"{""type"":""MultiPoint"",""coordinates"":[]}"
3_0001000000000000169c,Khanewal District,4,0.38595071767355216,11.578521540329001,2024,"{""type"":""MultiPoint"",""coordinates"":[]}"
3_0001000000000000169d,Khushab District,4,1.5275437961481266,45.82631392433853,2024,"{""type"":""MultiPoint"",""coordinates"":[]}"
3_0001000000000000169e,Lahore District,4,0.5019080078853246,15.057240234492754,2024,"{""type"":""MultiPoint"",""coordinates"":[]}"
3_0001000000000000169f,Layyah District,4,0.9696379586323839,29.08913881606578,2024,"{""type"":""MultiPoint"",""coordinates"":[]}"
3_000100000000000016a0,Lodhran District,4,0.23503526640240852,7.051057970728823,2024,"{""type"":""MultiPoint"",""coordinates"":[]}"
3_000100000000000016a1,Mandi Bahauddin District,4,1.7375470010249898,52.12641004251552,2024,"{""type"":""MultiPoint"",""coordinates"":[]}"
3_000100000000000016a2,Mianwali District,4,2.568675862753992,77.06027599711497,2024,"{""type"":""MultiPoint"",""coordinates"":[]}"
3_000100000000000016a3,Multan District,4,0.5070205462104346,15.21061642006155,2024,"{""type"":""MultiPoint"",""coordinates"":[]}"
3_000100000000000016a4,Muzaffargarh District,4,0.8213011170200555,24.63903348262384,2024,"{""type"":""MultiPoint"",""coordinates"":[]}"
3_000100000000000016a5,Narowal District,4,1.1513938653698437,34.541815946865455,2024,"{""type"":""MultiPoint"",""coordinates"":[]}"
3_000100000000000016a6,Okara District,4,0.2825453545502301,8.476360622866403,2024,"{""type"":""MultiPoint"",""coordinates"":[]}"
3_000100000000000016a7,Pakpattan District,4,0.18915695991359252,5.674708797136819,2024,"{""type"":""MultiPoint"",""coordinates"":[]}"
3_000100000000000016a8,Rahim Yar Khan District,4,0.4097223947876163,12.291671851816755,2024,"{""type"":""MultiPoint"",""coordinates"":[]}"
3_000100000000000016a9,Rajanpur District,4,0.7594791695039833,22.78437510870011,2024,"{""type"":""MultiPoint"",""coordinates"":[]}"
3_000100000000000016aa,Rawalpindi District,4,3.2393992709182,97.18197796023472,2024,"{""type"":""MultiPoint"",""coordinates"":[]}"
3_000100000000000016ab,Sahiwal District,4,0.30984532293284445,9.295359639785767,2024,"{""type"":""MultiPoint"",""coordinates"":[]}"
3_000100000000000016ac,Sargodha District,4,1.3964080711940126,41.89224211019428,2024,"{""type"":""MultiPoint"",""coordinates"":[]}"
3_000100000000000016ad,Sheikhupura District,4,0.5213879338113739,15.64163806560505,2024,"{""type"":""MultiPoint"",""coordinates"":[]}"
3_000100000000000016ae,Sialkot District,4,1.2964066603074098,38.89219984799,2024,"{""type"":""MultiPoint"",""coordinates"":[]}"
3_000100000000000016af,Toba Tek Singh District,4,0.4915236111541192,14.74570832129202,2024,"{""type"":""MultiPoint"",""coordinates"":[]}"
3_000100000000000016b0,Vehari District,4,0.1945650450816557,5.836951341684554,2024,"{""type"":""MultiPoint"",""coordinates"":[]}"
4_0001000000000000168f,Attock District,5,0.4738288583230964,14.688694607604269,2024,"{""type"":""MultiPoint"",""coordinates"":[]}"
4_00010000000000001690,Bahawalnagar District,5,0.14412400138893416,4.467844037463788,2024,"{""type"":""MultiPoint"",""coordinates"":[]}"
4_00010000000000001691,Bahawalpur District,5,0.06235156780654798,1.9328986015265388,2024,"{""type"":""MultiPoint"",""coordinates"":[]}"
4_00010000000000001692,Bhakkar District,5,0.28614361827834184,8.870452153618427,2024,"{""type"":""MultiPoint"",""coordinates"":[]}"
4_00010000000000001693,Chakwal District,5,0.4760426837296971,14.757323178635884,2024,"{""type"":""MultiPoint"",""coordinates"":[]}"
4_00010000000000001694,Dera Ghazi Khan District,5,0.2036632325442277,6.31356020561175,2024,"{""type"":""MultiPoint"",""coordinates"":[]}"
4_00010000000000001695,Faisalabad District,5,0.34741972106125085,10.770011349170094,2024,"{""type"":""MultiPoint"",""coordinates"":[]}"
4_00010000000000001696,Gujranwala District,5,0.5702509185196614,17.677778416489065,2024,"{""type"":""MultiPoint"",""coordinates"":[]}"
4_00010000000000001697,Gujrat District,5,0.5072389361386762,15.724407020482623,2024,"{""type"":""MultiPoint"",""coordinates"":[]}"
4_00010000000000001698,Hafizabad District,5,0.6170477861442187,19.12848137879121,2024,"{""type"":""MultiPoint"",""coordinates"":[]}"
4_00010000000000001699,Jhang District,5,0.33548014152558003,10.39988436674173,2024,"{""type"":""MultiPoint"",""coordinates"":[]}"
4_0001000000000000169a,Jhelum District,5,0.44680998818426687,13.851109603327192,2024,"{""type"":""MultiPoint"",""coordinates"":[]}"
4_0001000000000000169b,Kasur District,5,0.4630280346636548,14.353869071284254,2024,"{""type"":""MultiPoint"",""coordinates"":[]}"
4_0001000000000000169c,Khanewal District,5,0.07232572932415451,2.2420976070304808,2024,"{""type"":""MultiPoint"",""coordinates"":[]}"
4_0001000000000000169d,Khushab District,5,0.4051839470692583,12.56070234416926,2024,"{""type"":""MultiPoint"",""coordinates"":[]}"
4_0001000000000000169e,Lahore District,5,0.6988900420656651,21.665591246130678,2024,"{""type"":""MultiPoint"",""coordinates"":[]}"
4_0001000000000000169f,Layyah District,5,0.16956311064729412,5.256456453892691,2024,"{""type"":""MultiPoint"",""coordinates"":[]}"
4_000100000000000016a0,Lodhran District,5,0.06823095100995624,2.1151594779357206,2024,"{""type"":""MultiPoint"",""coordinates"":[]}"
4_000100000000000016a1,Mandi Bahauddin District,5,0.48224700799362263,14.949657225611174,2024,"{""type"":""MultiPoint"",""coordinates"":[]}"
4_000100000000000016a2,Mianwali District,5,0.3903883623627076,12.102039219756707,2024,"{""type"":""MultiPoint"",""coordinates"":[]}"
4_000100000000000016a3,Multan District,5,0.07223486725244753,2.2392808837756912,2024,"{""type"":""MultiPoint"",""coordinates"":[]}"
4_000100000000000016a4,Muzaffargarh District,5,0.10679721865718415,3.310713765921453,2024,"{""type"":""MultiPoint"",""coordinates"":[]}"
4_000100000000000016a5,Narowal District,5,0.7760371447886902,24.05715149552102,2024,"{""type"":""MultiPoint"",""coordinates"":[]}"
4_000100000000000016a6,Okara District,5,0.2964978136343716,9.191432233386072,2024,"{""type"":""MultiPoint"",""coordinates"":[]}"
4_000100000000000016a7,Pakpattan District,5,0.21482310933676957,6.659516388400082,2024,"{""type"":""MultiPoint"",""coordinates"":[]}"
4_000100000000000016a8,Rahim Yar Khan District,5,0.08488196936721722,2.6313410536307,2024,"{""type"":""MultiPoint"",""coordinates"":[]}"
4_000100000000000016a9,Rajanpur District,5,0.08588167616749982,2.6623319648426786,2024,"{""type"":""MultiPoint"",""coordinates"":[]}"
4_000100000000000016aa,Rawalpindi District,5,0.6463997413418425,20.038391927059436,2024,"{""type"":""MultiPoint"",""coordinates"":[]}"
4_000100000000000016ab,Sahiwal District,5,0.17595086672749766,5.454476871068677,2024,"{""type"":""MultiPoint"",""coordinates"":[]}"
4_000100000000000016ac,Sargodha District,5,0.595892553663821,18.472669166159477,2024,"{""type"":""MultiPoint"",""coordinates"":[]}"
4_000100000000000016ad,Sheikhupura District,5,0.5163216426614361,16.00597094480187,2024,"{""type"":""MultiPoint"",""coordinates"":[]}"
4_000100000000000016ae,Sialkot District,5,0.5516718948312413,17.101828738763473,2024,"{""type"":""MultiPoint"",""coordinates"":[]}"
4_000100000000000016af,Toba Tek Singh District,5,0.20160597864409352,6.2497853257557345,2024,"{""type"":""MultiPoint"",""coordinates"":[]}"
4_000100000000000016b0,Vehari District,5,0.08916266027798013,2.7640424651242728,2024,"{""type"":""MultiPoint"",""coordinates"":[]}"
5_0001000000000000168f,Attock District,6,0.908657519795883,27.259725547934284,2024,"{""type"":""MultiPoint"",""coordinates"":[]}"
5_00010000000000001690,Bahawalnagar District,6,0.6907309383392487,20.72192816249101,2024,"{""type"":""MultiPoint"",""coordinates"":[]}"
5_00010000000000001691,Bahawalpur District,6,0.5141177938005886,15.423533818920342,2024,"{""type"":""MultiPoint"",""coordinates"":[]}"
5_00010000000000001692,Bhakkar District,6,0.5051874663653104,15.155623990366886,2024,"{""type"":""MultiPoint"",""coordinates"":[]}"
5_00010000000000001693,Chakwal District,6,0.829627561851353,24.88882676812357,2024,"{""type"":""MultiPoint"",""coordinates"":[]}"
5_00010000000000001694,Dera Ghazi Khan District,6,0.64791257823914,19.437377341818024,2024,"{""type"":""MultiPoint"",""coordinates"":[]}"
5_00010000000000001695,Faisalabad District,6,0.9700685720296391,29.10205720567313,2024,"{""type"":""MultiPoint"",""coordinates"":[]}"
5_00010000000000001696,Gujranwala District,6,1.0417957791874182,31.25387339430177,2024,"{""type"":""MultiPoint"",""coordinates"":[]}"
5_00010000000000001697,Gujrat District,6,1.27847870470323,38.35436127309964,2024,"{""type"":""MultiPoint"",""coordinates"":[]}"
5_00010000000000001698,Hafizabad District,6,0.7692134482744364,23.07640339678402,2024,"{""type"":""MultiPoint"",""coordinates"":[]}"
5_00010000000000001699,Jhang District,6,0.5747564296722636,17.242692881156415,2024,"{""type"":""MultiPoint"",""coordinates"":[]}"
5_0001000000000000169a,Jhelum District,6,1.0939167245831027,32.81750183084395,2024,"{""type"":""MultiPoint"",""coordinates"":[]}"
5_0001000000000000169b,Kasur District,6,1.0030523089273327,30.091569246832034,2024,"{""type"":""MultiPoint"",""coordinates"":[]}"
5_0001000000000000169c,Khanewal District,6,0.5157211578229243,15.471634715616519,2024,"{""type"":""MultiPoint"",""coordinates"":[]}"
5_0001000000000000169d,Khushab District,6,0.5466737705407628,16.40021316806191,2024,"{""type"":""MultiPoint"",""coordinates"":[]}"
5_0001000000000000169e,Lahore District,6,0.8687817628569688,26.063452809032196,2024,"{""type"":""MultiPoint"",""coordinates"":[]}"
5_0001000000000000169f,Layyah District,6,0.43143852001590116,12.943155618313455,2024,"{""type"":""MultiPoint"",""coordinates"":[]}"
5_000100000000000016a0,Lodhran District,6,0.6145499661304036,18.436498975729435,2024,"{""type"":""MultiPoint"",""coordinates"":[]}"
5_000100000000000016a1,Mandi Bahauddin District,6,0.8720682475364617,26.162047398448376,2024,"{""type"":""MultiPoint"",""coordinates"":[]}"
5_000100000000000016a2,Mianwali District,6,0.48579095219076407,14.573728544778884,2024,"{""type"":""MultiPoint"",""coordinates"":[]}"
5_000100000000000016a3,Multan District,6,0.5122297976152511,15.366893885345133,2024,"{""type"":""MultiPoint"",""coordinates"":[]}"
5_000100000000000016a4,Muzaffargarh District,6,0.45103519902294265,13.5310559591306,2024,"{""type"":""MultiPoint"",""coordinates"":[]}"
5_000100000000000016a5,Narowal District,6,1.6176955067065852,48.53086514275887,2024,"{""type"":""MultiPoint"",""coordinates"":[]}"
5_000100000000000016a6,Okara District,6,0.9725168856808515,29.175506574217376,2024,"{""type"":""MultiPoint"",""coordinates"":[]}"
5_000100000000000016a7,Pakpattan District,6,0.6395728300268659,19.187184988448468,2024,"{""type"":""MultiPoint"",""coordinates"":[]}"
5_000100000000000016a8,Rahim Yar Khan District,6,0.5774134640892369,17.322403903227737,2024,"{""type"":""MultiPoint"",""coordinates"":[]}"
5_000100000000000016a9,Rajanpur District,6,0.40653140116523045,12.195942027243891,2024,"{""type"":""MultiPoint"",""coordinates"":[]}"
5_000100000000000016aa,Rawalpindi District,6,1.820788466893715,54.62365408583982,2024,"{""type"":""MultiPoint"",""coordinates"":[]}"
5_000100000000000016ab,Sahiwal District,6,0.6565766678117277,19.697300041287512,2024,"{""type"":""MultiPoint"",""coordinates"":[]}"
5_000100000000000016ac,Sargodha District,6,0.6403602658804013,19.210808023821063,2024,"{""type"":""MultiPoint"",""coordinates"":[]}"
5_000100000000000016ad,Sheikhupura District,6,0.9088955350633029,27.266866064528283,2024,"{""type"":""MultiPoint"",""coordinates"":[]}"
5_000100000000000016ae,Sialkot District,6,1.5506664864388702,46.51999462126607,2024,"{""type"":""MultiPoint"",""coordinates"":[]}"
5_000100000000000016af,Toba Tek Singh District,6,0.6036364704331533,18.10909409030897,2024,"{""type"":""MultiPoint"",""coordinates"":[]}"
5_000100000000000016b0,Vehari District,6,0.6483352862398093,19.450058563173123,2024,"{""type"":""MultiPoint"",""coordinates"":[]}"
6_0001000000000000168f,Attock District,7,5.550671513422114,172.07081670209254,2024,"{""type"":""MultiPoint"",""coordinates"":[]}"
6_00010000000000001690,Bahawalnagar District,7,3.3683327378362504,104.41831503849444,2024,"{""type"":""MultiPoint"",""coordinates"":[]}"
6_00010000000000001691,Bahawalpur District,7,3.216765099070335,99.71971801758255,2024,"{""type"":""MultiPoint"",""coordinates"":[]}"
6_00010000000000001692,Bhakkar District,7,3.1386813888354066,97.2991230087383,2024,"{""type"":""MultiPoint"",""coordinates"":[]}"
6_00010000000000001693,Chakwal District,7,5.015051910293401,155.46660945489847,2024,"{""type"":""MultiPoint"",""coordinates"":[]}"
6_00010000000000001694,Dera Ghazi Khan District,7,3.116466473944584,96.61046089877031,2024,"{""type"":""MultiPoint"",""coordinates"":[]}"
6_00010000000000001695,Faisalabad District,7,4.568349718285411,141.6188410657151,2024,"{""type"":""MultiPoint"",""coordinates"":[]}"
6_00010000000000001696,Gujranwala District,7,6.226748340002803,193.02919823922585,2024,"{""type"":""MultiPoint"",""coordinates"":[]}"
6_00010000000000001697,Gujrat District,7,10.326284448476125,320.1148182454676,2024,"{""type"":""MultiPoint"",""coordinates"":[]}"
6_00010000000000001698,Hafizabad District,7,3.980607035726497,123.39881831890715,2024,"{""type"":""MultiPoint"",""coordinates"":[]}"
6_00010000000000001699,Jhang District,7,3.4168259014841316,105.92160272788064,2024,"{""type"":""MultiPoint"",""coordinates"":[]}"
6_0001000000000000169a,Jhelum District,7,8.758571102550574,271.51570459551516,2024,"{""type"":""MultiPoint"",""coordinates"":[]}"
6_0001000000000000169b,Kasur District,7,5.048875212676885,156.51513191028238,2024,"{""type"":""MultiPoint"",""coordinates"":[]}"
6_0001000000000000169c,Khanewal District,7,2.9463712581994157,91.3375094006685,2024,"{""type"":""MultiPoint"",""coordinates"":[]}"
6_0001000000000000169d,Khushab District,7,3.6772633068758322,113.99516254262397,2024,"{""type"":""MultiPoint"",""coordinates"":[]}"
6_0001000000000000169e,Lahore District,7,8.517020137157797,264.0276252074992,2024,"{""type"":""MultiPoint"",""coordinates"":[]}"
6_0001000000000000169f,Layyah District,7,2.9938891973262267,92.81056494883347,2024,"{""type"":""MultiPoint"",""coordinates"":[]}"
6_000100000000000016a0,Lodhran District,7,1.6621915999238361,51.527939645795385,2024,"{""type"":""MultiPoint"",""coordinates"":[]}"
6_000100000000000016a1,Mandi Bahauddin District,7,6.130799982045679,190.05479900803462,2024,"{""type"":""MultiPoint"",""coordinates"":[]}"
6_000100000000000016a2,Mianwali District,7,3.304301908560024,102.43335919806204,2024,"{""type"":""MultiPoint"",""coordinates"":[]}"
6_000100000000000016a3,Multan District,7,1.8270106099661565,56.63732896184906,2024,"{""type"":""MultiPoint"",""coordinates"":[]}"
6_000100000000000016a4,Muzaffargarh District,7,2.0776106407080617,64.40593009968524,2024,"{""type"":""MultiPoint"",""coordinates"":[]}"
6_000100000000000016a5,Narowal District,7,10.554924783081896,327.2026702208114,2024,"{""type"":""MultiPoint"",""coordinates"":[]}"
6_000100000000000016a6,Okara District,7,3.6062412065324807,111.79347767870824,2024,"{""type"":""MultiPoint"",""coordinates"":[]}"
6_000100000000000016a7,Pakpattan District,7,3.194851168701951,99.04038628682868,2024,"{""type"":""MultiPoint"",""coordinates"":[]}"
6_000100000000000016a8,Rahim Yar Khan District,7,1.470011883570591,45.57036835397102,2024,"{""type"":""MultiPoint"",""coordinates"":[]}"
6_000100000000000016a9,Rajanpur District,7,1.8137185190404583,56.22527409058058,2024,"{""type"":""MultiPoint"",""coordinates"":[]}"
6_000100000000000016aa,Rawalpindi District,7,8.709807993217604,270.0040479093798,2024,"{""type"":""MultiPoint"",""coordinates"":[]}"
6_000100000000000016ab,Sahiwal District,7,4.0265658971585285,124.82354296483932,2024,"{""type"":""MultiPoint"",""coordinates"":[]}"
6_000100000000000016ac,Sargodha District,7,4.225287711549667,130.98391934444928,2024,"{""type"":""MultiPoint"",""coordinates"":[]}"
6_000100000000000016ad,Sheikhupura District,7,6.282144544929973,194.74648124369162,2024,"{""type"":""MultiPoint"",""coordinates"":[]}"
6_000100000000000016ae,Sialkot District,7,9.330481988431382,289.24494148390806,2024,"{""type"":""MultiPoint"",""coordinates"":[]}"
6_000100000000000016af,Toba Tek Singh District,7,2.9049627448211544,90.0538452550051,2024,"{""type"":""MultiPoint"",""coordinates"":[]}"
6_000100000000000016b0,Vehari District,7,2.833466459016435,87.8374601094002,2024,"{""type"":""MultiPoint"",""coordinates"":[]}"
7_0001000000000000168f,Attock District,8,5.312987703179719,164.70261915484267,2024,"{""type"":""MultiPoint"",""coordinates"":[]}"
7_00010000000000001690,Bahawalnagar District,8,4.512942514529253,139.90121822493145,2024,"{""type"":""MultiPoint"",""coordinates"":[]}"
7_00010000000000001691,Bahawalpur District,8,6.530027312978774,202.4308466150343,2024,"{""type"":""MultiPoint"",""coordinates"":[]}"
7_00010000000000001692,Bhakkar District,8,4.732579894318756,146.70997703037685,2024,"{""type"":""MultiPoint"",""coordinates"":[]}"
7_00010000000000001693,Chakwal District,8,6.64760691169064,206.0758139150035,2024,"{""type"":""MultiPoint"",""coordinates"":[]}"
7_00010000000000001694,Dera Ghazi Khan District,8,3.574446885198617,110.80785379959225,2024,"{""type"":""MultiPoint"",""coordinates"":[]}"
7_00010000000000001695,Faisalabad District,8,5.186555320381184,160.78321483408655,2024,"{""type"":""MultiPoint"",""coordinates"":[]}"
7_00010000000000001696,Gujranwala District,8,8.011289735461927,248.34998175407003,2024,"{""type"":""MultiPoint"",""coordinates"":[]}"
7_00010000000000001697,Gujrat District,8,10.663583639365783,330.5710923507197,2024,"{""type"":""MultiPoint"",""coordinates"":[]}"
7_00010000000000001698,Hafizabad District,8,5.90360616843571,183.01179117506294,2024,"{""type"":""MultiPoint"",""coordinates"":[]}"
7_00010000000000001699,Jhang District,8,4.6981889239857555,145.64385659162014,2024,"{""type"":""MultiPoint"",""coordinates"":[]}"
7_0001000000000000169a,Jhelum District,8,9.718911844258097,301.2862665125907,2024,"{""type"":""MultiPoint"",""coordinates"":[]}"
7_0001000000000000169b,Kasur District,8,6.295278172086714,195.15362351544013,2024,"{""type"":""MultiPoint"",""coordinates"":[]}"
7_0001000000000000169c,Khanewal District,8,3.7547366824734874,116.39683683265568,2024,"{""type"":""MultiPoint"",""coordinates"":[]}"
7_0001000000000000169d,Khushab District,8,4.727305246737721,146.5464627616929,2024,"{""type"":""MultiPoint"",""coordinates"":[]}"
7_0001000000000000169e,Lahore District,8,8.560837069336017,265.3859486992148,2024,"{""type"":""MultiPoint"",""coordinates"":[]}"
7_0001000000000000169f,Layyah District,8,4.257704421553581,131.98883697155276,2024,"{""type"":""MultiPoint"",""coordinates"":[]}"
7_000100000000000016a0,Lodhran District,8,4.417516475617782,136.94301061783298,2024,"{""type"":""MultiPoint"",""coordinates"":[]}"
7_000100000000000016a1,Mandi Bahauddin District,8,7.884766696323752,244.42776790232338,2024,"{""type"":""MultiPoint"",""coordinates"":[]}"
7_000100000000000016a2,Mianwali District,8,6.2750859790254365,194.5276655082053,2024,"{""type"":""MultiPoint"",""coordinates"":[]}"
7_000100000000000016a3,Multan District,8,3.57267311941699,110.75286643394455,2024,"{""type"":""MultiPoint"",""coordinates"":[]}"
7_000100000000000016a4,Muzaffargarh District,8,3.7052286137915096,114.86208697931903,2024,"{""type"":""MultiPoint"",""coordinates"":[]}"
7_000100000000000016a5,Narowal District,8,10.358831987472888,321.12379055725796,2024,"{""type"":""MultiPoint"",""coordinates"":[]}"
7_000100000000000016a6,Okara District,8,3.612106896302356,111.97531394015827,2024,"{""type"":""MultiPoint"",""coordinates"":[]}"
7_000100000000000016a7,Pakpattan District,8,3.8848517528813367,120.43040469597285,2024,"{""type"":""MultiPoint"",""coordinates"":[]}"
7_000100000000000016a8,Rahim Yar Khan District,8,6.186425390303499,191.77918678021413,2024,"{""type"":""MultiPoint"",""coordinates"":[]}"
7_000100000000000016a9,Rajanpur District,8,5.24826615361056,162.6962509733419,2024,"{""type"":""MultiPoint"",""coordinates"":[]}"
7_000100000000000016aa,Rawalpindi District,8,9.70223098406154,300.76915990006205,2024,"{""type"":""MultiPoint"",""coordinates"":[]}"
7_000100000000000016ab,Sahiwal District,8,4.1048649343086945,127.25081282865818,2024,"{""type"":""MultiPoint"",""coordinates"":[]}"
7_000100000000000016ac,Sargodha District,8,5.1868980477552356,160.7938394725317,2024,"{""type"":""MultiPoint"",""coordinates"":[]}"
7_000100000000000016ad,Sheikhupura District,8,6.9681088227136385,216.01137372295398,2024,"{""type"":""MultiPoint"",""coordinates"":[]}"
7_000100000000000016ae,Sialkot District,8,10.337621135943811,320.46625559948325,2024,"{""type"":""MultiPoint"",""coordinates"":[]}"
7_000100000000000016af,Toba Tek Singh District,8,4.665395321669882,144.62725497587923,2024,"{""type"":""MultiPoint"",""coordinates"":[]}"
7_000100000000000016b0,Vehari District,8,3.8894237338610025,120.57213541111496,2024,"{""type"":""MultiPoint"",""coordinates"":[]}"
8_0001000000000000168f,Attock District,9,2.156861079138256,64.70583242350929,2024,"{""type"":""MultiPoint"",""coordinates"":[]}"
8_00010000000000001690,Bahawalnagar District,9,0.7943955743122327,23.831867186044867,2024,"{""type"":""MultiPoint"",""coordinates"":[]}"
8_00010000000000001691,Bahawalpur District,9,0.6262228488275149,18.786685480281477,2024,"{""type"":""MultiPoint"",""coordinates"":[]}"
8_00010000000000001692,Bhakkar District,9,1.2597496642036936,37.79248987426758,2024,"{""type"":""MultiPoint"",""coordinates"":[]}"
8_00010000000000001693,Chakwal District,9,3.0550374884785496,91.65112488422673,2024,"{""type"":""MultiPoint"",""coordinates"":[]}"
8_00010000000000001694,Dera Ghazi Khan District,9,0.7264300661672959,21.792901989163408,2024,"{""type"":""MultiPoint"",""coordinates"":[]}"
8_00010000000000001695,Faisalabad District,9,1.4098900959615304,42.29670298941188,2024,"{""type"":""MultiPoint"",""coordinates"":[]}"
8_00010000000000001696,Gujranwala District,9,3.3197976336301465,99.59392869812106,2024,"{""type"":""MultiPoint"",""coordinates"":[]}"
8_00010000000000001697,Gujrat District,9,4.334298389818496,130.0289514702765,2024,"{""type"":""MultiPoint"",""coordinates"":[]}"
8_00010000000000001698,Hafizabad District,9,2.8564455277605707,85.69336593134312,2024,"{""type"":""MultiPoint"",""coordinates"":[]}"
8_00010000000000001699,Jhang District,9,1.0554805906509412,31.66441771944031,2024,"{""type"":""MultiPoint"",""coordinates"":[]}"
8_0001000000000000169a,Jhelum District,9,3.1990635353673187,95.97190592013726,2024,"{""type"":""MultiPoint"",""coordinates"":[]}"
8_0001000000000000169b,Kasur District,9,1.5830136400710426,47.49040926386762,2024,"{""type"":""MultiPoint"",""coordinates"":[]}"
8_0001000000000000169c,Khanewal District,9,0.492551232179025,14.776536909146078,2024,"{""type"":""MultiPoint"",""coordinates"":[]}"
8_0001000000000000169d,Khushab District,9,1.9307519668981932,57.922559177820446,2024,"{""type"":""MultiPoint"",""coordinates"":[]}"
8_0001000000000000169e,Lahore District,9,2.547837121330985,76.43511382091437,2024,"{""type"":""MultiPoint"",""coordinates"":[]}"
8_0001000000000000169f,Layyah District,9,0.9921661226756556,29.764983596879755,2024,"{""type"":""MultiPoint"",""coordinates"":[]}"
8_000100000000000016a0,Lodhran District,9,0.3364503810734375,10.093511446681,2024,"{""type"":""MultiPoint"",""coordinates"":[]}"
8_000100000000000016a1,Mandi Bahauddin District,9,3.179233911865774,95.37701747549012,2024,"{""type"":""MultiPoint"",""coordinates"":[]}"
8_000100000000000016a2,Mianwali District,9,1.8787994058015354,56.363982125888285,2024,"{""type"":""MultiPoint"",""coordinates"":[]}"
8_000100000000000016a3,Multan District,9,0.23873641932232448,7.162092600827564,2024,"{""type"":""MultiPoint"",""coordinates"":[]}"
8_000100000000000016a4,Muzaffargarh District,9,0.33653673932371553,10.09610216928139,2024,"{""type"":""MultiPoint"",""coordinates"":[]}"
8_000100000000000016a5,Narowal District,9,4.0073295978706325,120.2198879469199,2024,"{""type"":""MultiPoint"",""coordinates"":[]}"
8_000100000000000016a6,Okara District,9,1.167825575688353,35.03476742982468,2024,"{""type"":""MultiPoint"",""coordinates"":[]}"
8_000100000000000016a7,Pakpattan District,9,0.6781566058010998,20.344698131619456,2024,"{""type"":""MultiPoint"",""coordinates"":[]}"
8_000100000000000016a8,Rahim Yar Khan District,9,0.37688506506900815,11.306551927727766,2024,"{""type"":""MultiPoint"",""coordinates"":[]}"
8_000100000000000016a9,Rajanpur District,9,0.42198142611396317,12.659442763231866,2024,"{""type"":""MultiPoint"",""coordinates"":[]}"
8_000100000000000016aa,Rawalpindi District,9,3.502023345262171,105.06069999000002,2024,"{""type"":""MultiPoint"",""coordinates"":[]}"
8_000100000000000016ab,Sahiwal District,9,0.8033381184048376,24.100143637170248,2024,"{""type"":""MultiPoint"",""coordinates"":[]}"
8_000100000000000016ac,Sargodha District,9,1.5813089777250708,47.4392693871642,2024,"{""type"":""MultiPoint"",""coordinates"":[]}"
8_000100000000000016ad,Sheikhupura District,9,2.2310490364879576,66.93147109924895,2024,"{""type"":""MultiPoint"",""coordinates"":[]}"
8_000100000000000016ae,Sialkot District,9,4.555712075198537,136.67136228349605,2024,"{""type"":""MultiPoint"",""coordinates"":[]}"
8_000100000000000016af,Toba Tek Singh District,9,0.7364839171939204,22.094517501776483,2024,"{""type"":""MultiPoint"",""coordinates"":[]}"
8_000100000000000016b0,Vehari District,9,0.5074299998481807,15.222899984819248,2024,"{""type"":""MultiPoint"",""coordinates"":[]}"
9_0001000000000000168f,Attock District,10,0.4654061646709519,14.427591102584753,2024,"{""type"":""MultiPoint"",""coordinates"":[]}"
9_00010000000000001690,Bahawalnagar District,10,0.08150606303634629,2.526687954529292,2024,"{""type"":""MultiPoint"",""coordinates"":[]}"
9_00010000000000001691,Bahawalpur District,10,0.0513269521888978,1.5911355168945545,2024,"{""type"":""MultiPoint"",""coordinates"":[]}"
9_00010000000000001692,Bhakkar District,10,0.09474344586925237,2.937046821526308,2024,"{""type"":""MultiPoint"",""coordinates"":[]}"
9_00010000000000001693,Chakwal District,10,0.2902568701550537,8.997962993682082,2024,"{""type"":""MultiPoint"",""coordinates"":[]}"
9_00010000000000001694,Dera Ghazi Khan District,10,0.09717710683533355,3.012490315195826,2024,"{""type"":""MultiPoint"",""coordinates"":[]}"
9_00010000000000001695,Faisalabad District,10,0.13249395060057093,4.1073124731153,2024,"{""type"":""MultiPoint"",""coordinates"":[]}"
9_00010000000000001696,Gujranwala District,10,0.3041161489394778,9.427600624366955,2024,"{""type"":""MultiPoint"",""coordinates"":[]}"
9_00010000000000001697,Gujrat District,10,0.5729554947347084,17.76162035008041,2024,"{""type"":""MultiPoint"",""coordinates"":[]}"
9_00010000000000001698,Hafizabad District,10,0.172825431192819,5.3575883682532615,2024,"{""type"":""MultiPoint"",""coordinates"":[]}"
9_00010000000000001699,Jhang District,10,0.07507573301251298,2.3273477245891043,2024,"{""type"":""MultiPoint"",""coordinates"":[]}"
9_0001000000000000169a,Jhelum District,10,0.4889003295839056,15.155910181384122,2024,"{""type"":""MultiPoint"",""coordinates"":[]}"
9_0001000000000000169b,Kasur District,10,0.18793231031082153,5.8259016204724965,2024,"{""type"":""MultiPoint"",""coordinates"":[]}"
9_0001000000000000169c,Khanewal District,10,0.030863108875684473,0.9567563731555702,2024,"{""type"":""MultiPoint"",""coordinates"":[]}"
9_0001000000000000169d,Khushab District,10,0.19605642538078902,6.077749171756809,2024,"{""type"":""MultiPoint"",""coordinates"":[]}"
9_0001000000000000169e,Lahore District,10,0.22500418590639817,6.975129773321414,2024,"{""type"":""MultiPoint"",""coordinates"":[]}"
9_0001000000000000169f,Layyah District,10,0.042595317245364826,1.3204548323595346,2024,"{""type"":""MultiPoint"",""coordinates"":[]}"
9_000100000000000016a0,Lodhran District,10,0.018495046283987168,0.5733464347723473,2024,"{""type"":""MultiPoint"",""coordinates"":[]}"
9_000100000000000016a1,Mandi Bahauddin District,10,0.2772343788473008,8.594265725947288,2024,"{""type"":""MultiPoint"",""coordinates"":[]}"
9_000100000000000016a2,Mianwali District,10,0.206626223367798,6.405412929629106,2024,"{""type"":""MultiPoint"",""coordinates"":[]}"
9_000100000000000016a3,Multan District,10,0.034518428469185077,1.0700712797343888,2024,"{""type"":""MultiPoint"",""coordinates"":[]}"
9_000100000000000016a4,Muzaffargarh District,10,0.045858300697051727,1.4216073210062923,2024,"{""type"":""MultiPoint"",""coordinates"":[]}"
9_000100000000000016a5,Narowal District,10,0.39678309935402045,12.30027610502505,2024,"{""type"":""MultiPoint"",""coordinates"":[]}"
9_000100000000000016a6,Okara District,10,0.18855007087920206,5.845052206091179,2024,"{""type"":""MultiPoint"",""coordinates"":[]}"
9_000100000000000016a7,Pakpattan District,10,0.0687804482772587,2.1321939017833484,2024,"{""type"":""MultiPoint"",""coordinates"":[]}"
9_000100000000000016a8,Rahim Yar Khan District,10,0.07317549848935502,2.2684404554091384,2024,"{""type"":""MultiPoint"",""coordinates"":[]}"
9_000100000000000016a9,Rajanpur District,10,0.10255217662480706,3.1791174665177055,2024,"{""type"":""MultiPoint"",""coordinates"":[]}"
9_000100000000000016aa,Rawalpindi District,10,0.9349067123213892,28.982108026129158,2024,"{""type"":""MultiPoint"",""coordinates"":[]}"
9_000100000000000016ab,Sahiwal District,10,0.0734843782778921,2.2780157228659657,2024,"{""type"":""MultiPoint"",""coordinates"":[]}"
9_000100000000000016ac,Sargodha District,10,0.18686677215413183,5.792869935853091,2024,"{""type"":""MultiPoint"",""coordinates"":[]}"
9_000100000000000016ad,Sheikhupura District,10,0.21661318098035195,6.715008612328982,2024,"{""type"":""MultiPoint"",""coordinates"":[]}"
9_000100000000000016ae,Sialkot District,10,0.516389590643663,16.008077265619775,2024,"{""type"":""MultiPoint"",""coordinates"":[]}"
9_000100000000000016af,Toba Tek Singh District,10,0.0902439612237906,2.7975627978843405,2024,"{""type"":""MultiPoint"",""coordinates"":[]}"
9_000100000000000016b0,Vehari District,10,0.030132099152217384,0.9340950695624403,2024,"{""type"":""MultiPoint"",""coordinates"":[]}"
10_0001000000000000168f,Attock District,11,0.20368540743944138,6.110562227844875,2024,"{""type"":""MultiPoint"",""coordinates"":[]}"
10_00010000000000001690,Bahawalnagar District,11,0.0,0.0,2024,"{""type"":""MultiPoint"",""coordinates"":[]}"
10_00010000000000001691,Bahawalpur District,11,0.0,0.0,2024,"{""type"":""MultiPoint"",""coordinates"":[]}"
10_00010000000000001692,Bhakkar District,11,0.04271466269127873,1.2814398828125364,2024,"{""type"":""MultiPoint"",""coordinates"":[]}"
10_00010000000000001693,Chakwal District,11,0.159628659123637,4.7888597678302895,2024,"{""type"":""MultiPoint"",""coordinates"":[]}"
10_00010000000000001694,Dera Ghazi Khan District,11,0.012205414141668704,0.36616242183770714,2024,"{""type"":""MultiPoint"",""coordinates"":[]}"
10_00010000000000001695,Faisalabad District,11,0.0,0.0,2024,"{""type"":""MultiPoint"",""coordinates"":[]}"
10_00010000000000001696,Gujranwala District,11,0.0,0.0,2024,"{""type"":""MultiPoint"",""coordinates"":[]}"
10_00010000000000001697,Gujrat District,11,0.029182345694686508,0.8754703628241601,2024,"{""type"":""MultiPoint"",""coordinates"":[]}"
10_00010000000000001698,Hafizabad District,11,0.0,0.0,2024,"{""type"":""MultiPoint"",""coordinates"":[]}"
10_00010000000000001699,Jhang District,11,0.0,0.0,2024,"{""type"":""MultiPoint"",""coordinates"":[]}"
10_0001000000000000169a,Jhelum District,11,0.039488795229352315,1.1846638472077786,2024,"{""type"":""MultiPoint"",""coordinates"":[]}"
10_0001000000000000169b,Kasur District,11,0.0,0.0,2024,"{""type"":""MultiPoint"",""coordinates"":[]}"
10_0001000000000000169c,Khanewal District,11,0.0,0.0,2024,"{""type"":""MultiPoint"",""coordinates"":[]}"
10_0001000000000000169d,Khushab District,11,0.10145394171768836,3.043618243007055,2024,"{""type"":""MultiPoint"",""coordinates"":[]}"
10_0001000000000000169e,Lahore District,11,0.0,0.0,2024,"{""type"":""MultiPoint"",""coordinates"":[]}"
10_0001000000000000169f,Layyah District,11,6.054722979080785E-4,0.018164168863846343,2024,"{""type"":""MultiPoint"",""coordinates"":[]}"
10_000100000000000016a0,Lodhran District,11,0.0,0.0,2024,"{""type"":""MultiPoint"",""coordinates"":[]}"
10_000100000000000016a1,Mandi Bahauddin District,11,0.0044074554765878024,0.13222366347085768,2024,"{""type"":""MultiPoint"",""coordinates"":[]}"
10_000100000000000016a2,Mianwali District,11,0.06874017468257755,2.0622052448345674,2024,"{""type"":""MultiPoint"",""coordinates"":[]}"
10_000100000000000016a3,Multan District,11,0.0,0.0,2024,"{""type"":""MultiPoint"",""coordinates"":[]}"
10_000100000000000016a4,Muzaffargarh District,11,0.0,0.0,2024,"{""type"":""MultiPoint"",""coordinates"":[]}"
10_000100000000000016a5,Narowal District,11,0.0,0.0,2024,"{""type"":""MultiPoint"",""coordinates"":[]}"
10_000100000000000016a6,Okara District,11,0.0,0.0,2024,"{""type"":""MultiPoint"",""coordinates"":[]}"
10_000100000000000016a7,Pakpattan District,11,0.0,0.0,2024,"{""type"":""MultiPoint"",""coordinates"":[]}"
10_000100000000000016a8,Rahim Yar Khan District,11,0.0,0.0,2024,"{""type"":""MultiPoint"",""coordinates"":[]}"
10_000100000000000016a9,Rajanpur District,11,1.7699956432502305E-4,0.005309987006653792,2024,"{""type"":""MultiPoint"",""coordinates"":[]}"
10_000100000000000016aa,Rawalpindi District,11,0.25008627790057153,7.502588338276401,2024,"{""type"":""MultiPoint"",""coordinates"":[]}"
10_000100000000000016ab,Sahiwal District,11,0.0,0.0,2024,"{""type"":""MultiPoint"",""coordinates"":[]}"
10_000100000000000016ac,Sargodha District,11,0.02449087709092431,0.7347263085067212,2024,"{""type"":""MultiPoint"",""coordinates"":[]}"
10_000100000000000016ad,Sheikhupura District,11,0.0,0.0,2024,"{""type"":""MultiPoint"",""coordinates"":[]}"
10_000100000000000016ae,Sialkot District,11,0.037887882857165024,1.1366364750628954,2024,"{""type"":""MultiPoint"",""coordinates"":[]}"
10_000100000000000016af,Toba Tek Singh District,11,0.0,0.0,2024,"{""type"":""MultiPoint"",""coordinates"":[]}"
10_000100000000000016b0,Vehari District,11,0.0,0.0,2024,"{""type"":""MultiPoint"",""coordinates"":[]}"
11_0001000000000000168f,Attock District,12,0.12280818575491506,3.8070537684695616,2024,"{""type"":""MultiPoint"",""coordinates"":[]}"
11_00010000000000001690,Bahawalnagar District,12,0.0011407682518568035,0.03536381669435377,2024,"{""type"":""MultiPoint"",""coordinates"":[]}"
11_00010000000000001691,Bahawalpur District,12,0.0034954702035133183,0.1083595758815457,2024,"{""type"":""MultiPoint"",""coordinates"":[]}"
11_00010000000000001692,Bhakkar District,12,0.051406537386478046,1.593602664151166,2024,"{""type"":""MultiPoint"",""coordinates"":[]}"
11_00010000000000001693,Chakwal District,12,0.17095466557654598,5.29959464750463,2024,"{""type"":""MultiPoint"",""coordinates"":[]}"
11_00010000000000001694,Dera Ghazi Khan District,12,0.027359434050878612,0.8481424553504029,2024,"{""type"":""MultiPoint"",""coordinates"":[]}"
11_00010000000000001695,Faisalabad District,12,3.205493310707898E-4,0.009937029241733328,2024,"{""type"":""MultiPoint"",""coordinates"":[]}"
11_00010000000000001696,Gujranwala District,12,0.1955822203168987,6.063048840278234,2024,"{""type"":""MultiPoint"",""coordinates"":[]}"
11_00010000000000001697,Gujrat District,12,0.1824386150593815,5.6555970567675296,2024,"{""type"":""MultiPoint"",""coordinates"":[]}"
11_00010000000000001698,Hafizabad District,12,0.04453509657923102,1.3805879852350258,2024,"{""type"":""MultiPoint"",""coordinates"":[]}"
11_00010000000000001699,Jhang District,12,0.0029053289785711946,0.0900651978591537,2024,"{""type"":""MultiPoint"",""coordinates"":[]}"
11_0001000000000000169a,Jhelum District,12,0.12813951981382185,3.972325110080285,2024,"{""type"":""MultiPoint"",""coordinates"":[]}"
11_0001000000000000169b,Kasur District,12,0.06333591715920557,1.9634134229609408,2024,"{""type"":""MultiPoint"",""coordinates"":[]}"
11_0001000000000000169c,Khanewal District,12,0.0,0.0,2024,"{""type"":""MultiPoint"",""coordinates"":[]}"
11_0001000000000000169d,Khushab District,12,0.1726433494481744,5.351943848907608,2024,"{""type"":""MultiPoint"",""coordinates"":[]}"
11_0001000000000000169e,Lahore District,12,0.2520370060763795,7.813147166142232,2024,"{""type"":""MultiPoint"",""coordinates"":[]}"
11_0001000000000000169f,Layyah District,12,0.0029362707857114186,0.09102439381042095,2024,"{""type"":""MultiPoint"",""coordinates"":[]}"
11_000100000000000016a0,Lodhran District,12,0.016851222213890783,0.522387888548672,2024,"{""type"":""MultiPoint"",""coordinates"":[]}"
11_000100000000000016a1,Mandi Bahauddin District,12,0.09159241164419442,2.8393647641065773,2024,"{""type"":""MultiPoint"",""coordinates"":[]}"
11_000100000000000016a2,Mianwali District,12,0.16695249786965424,5.175527438885748,2024,"{""type"":""MultiPoint"",""coordinates"":[]}"
11_000100000000000016a3,Multan District,12,0.0012858768719648502,0.039862182485252064,2024,"{""type"":""MultiPoint"",""coordinates"":[]}"
11_000100000000000016a4,Muzaffargarh District,12,0.005906691080783217,0.1831074223850861,2024,"{""type"":""MultiPoint"",""coordinates"":[]}"
11_000100000000000016a5,Narowal District,12,0.5188734290541178,16.08507625729771,2024,"{""type"":""MultiPoint"",""coordinates"":[]}"
11_000100000000000016a6,Okara District,12,0.0,0.0,2024,"{""type"":""MultiPoint"",""coordinates"":[]}"
11_000100000000000016a7,Pakpattan District,12,0.0,0.0,2024,"{""type"":""MultiPoint"",""coordinates"":[]}"
11_000100000000000016a8,Rahim Yar Khan District,12,0.002480907674143349,0.07690813826276736,2024,"{""type"":""MultiPoint"",""coordinates"":[]}"
11_000100000000000016a9,Rajanpur District,12,0.061087660154396914,1.8937174653235707,2024,"{""type"":""MultiPoint"",""coordinates"":[]}"
11_000100000000000016aa,Rawalpindi District,12,0.10918918110393483,3.3848645989948047,2024,"{""type"":""MultiPoint"",""coordinates"":[]}"
11_000100000000000016ab,Sahiwal District,12,0.014680248904623033,0.45508771148494603,2024,"{""type"":""MultiPoint"",""coordinates"":[]}"
11_000100000000000016ac,Sargodha District,12,0.04103609618919767,1.2721189811400784,2024,"{""type"":""MultiPoint"",""coordinates"":[]}"
11_000100000000000016ad,Sheikhupura District,12,0.09845284511258175,3.052038198291937,2024,"{""type"":""MultiPoint"",""coordinates"":[]}"
11_000100000000000016ae,Sialkot District,12,0.41470239011050114,12.855774043205827,2024,"{""type"":""MultiPoint"",""coordinates"":[]}"
11_000100000000000016af,Toba Tek Singh District,12,0.002832797935971652,0.08781673668788965,2024,"{""type"":""MultiPoint"",""coordinates"":[]}"
11_000100000000000016b0,Vehari District,12,7.950312894092313E-5,0.0024645969392305678,2024,"{""type"":""MultiPoint"",""coordinates"":[]}"
