system:index,district,month,soil_moisture_0_7cm,soil_moisture_7_28cm,year,.geo
0_0001000000000000168f,Attock District,1,0.3109781829598761,0.29449033548355197,2022,"{""type"":""MultiPoint"",""coordinates"":[]}"
0_00010000000000001690,Bahawalnagar District,1,0.17127575700511694,0.14744805985507964,2022,"{""type"":""MultiPoint"",""coordinates"":[]}"
0_00010000000000001691,Bahawalpur District,1,0.09652781788769589,0.12607931364953087,2022,"{""type"":""MultiPoint"",""coordinates"":[]}"
0_00010000000000001692,Bhakkar District,1,0.1302660067455447,0.12093401420202182,2022,"{""type"":""MultiPoint"",""coordinates"":[]}"
0_00010000000000001693,Chakwal District,1,0.2922052304974429,0.2690597811664481,2022,"{""type"":""MultiPoint"",""coordinates"":[]}"
0_00010000000000001694,Dera Ghazi Khan District,1,0.11742317642655804,0.14090572814405306,2022,"{""type"":""MultiPoint"",""coordinates"":[]}"
0_00010000000000001695,Faisalabad District,1,0.23313854210358143,0.18512358711775187,2022,"{""type"":""MultiPoint"",""coordinates"":[]}"
0_00010000000000001696,Gujranwala District,1,0.32176231584416626,0.30393603106045614,2022,"{""type"":""MultiPoint"",""coordinates"":[]}"
0_00010000000000001697,Gujrat District,1,0.3342862659534942,0.32336727296295237,2022,"{""type"":""MultiPoint"",""coordinates"":[]}"
0_00010000000000001698,Hafizabad District,1,0.2724117819129351,0.2332663820355274,2022,"{""type"":""MultiPoint"",""coordinates"":[]}"
0_00010000000000001699,Jhang District,1,0.2101901094698848,0.16575469502972132,2022,"{""type"":""MultiPoint"",""coordinates"":[]}"
0_0001000000000000169a,Jhelum District,1,0.3124944689942213,0.2960468394063154,2022,"{""type"":""MultiPoint"",""coordinates"":[]}"
0_0001000000000000169b,Kasur District,1,0.2831715967955877,0.26005605781254976,2022,"{""type"":""MultiPoint"",""coordinates"":[]}"
0_0001000000000000169c,Khanewal District,1,0.200796921499603,0.153183344458533,2022,"{""type"":""MultiPoint"",""coordinates"":[]}"
0_0001000000000000169d,Khushab District,1,0.1965839059733793,0.17133866001047213,2022,"{""type"":""MultiPoint"",""coordinates"":[]}"
0_0001000000000000169e,Lahore District,1,0.30999987718495114,0.29475963551115497,2022,"{""type"":""MultiPoint"",""coordinates"":[]}"
0_0001000000000000169f,Layyah District,1,0.11290893131280297,0.09471306746317497,2022,"{""type"":""MultiPoint"",""coordinates"":[]}"
0_000100000000000016a0,Lodhran District,1,0.18261664534153935,0.14332126006437146,2022,"{""type"":""MultiPoint"",""coordinates"":[]}"
0_000100000000000016a1,Mandi Bahauddin District,1,0.28908181962038787,0.26491611055691894,2022,"{""type"":""MultiPoint"",""coordinates"":[]}"
0_000100000000000016a2,Mianwali District,1,0.21793429806683073,0.18702901952410916,2022,"{""type"":""MultiPoint"",""coordinates"":[]}"
0_000100000000000016a3,Multan District,1,0.18621309894150345,0.14377808643086454,2022,"{""type"":""MultiPoint"",""coordinates"":[]}"
0_000100000000000016a4,Muzaffargarh District,1,0.15008653562922158,0.11752790665093144,2022,"{""type"":""MultiPoint"",""coordinates"":[]}"
0_000100000000000016a5,Narowal District,1,0.36193730330756546,0.3585953351598945,2022,"{""type"":""MultiPoint"",""coordinates"":[]}"
0_000100000000000016a6,Okara District,1,0.23612653308404122,0.19563074799353233,2022,"{""type"":""MultiPoint"",""coordinates"":[]}"
0_000100000000000016a7,Pakpattan District,1,0.2114727033609736,0.16161427728117,2022,"{""type"":""MultiPoint"",""coordinates"":[]}"
0_000100000000000016a8,Rahim Yar Khan District,1,0.12749723488261927,0.1317936135590334,2022,"{""type"":""MultiPoint"",""coordinates"":[]}"
0_000100000000000016a9,Rajanpur District,1,0.11101218129476094,0.135852261163787,2022,"{""type"":""MultiPoint"",""coordinates"":[]}"
0_000100000000000016aa,Rawalpindi District,1,0.3677210389055205,0.35853430319409835,2022,"{""type"":""MultiPoint"",""coordinates"":[]}"
0_000100000000000016ab,Sahiwal District,1,0.2142235620666617,0.1669731993973334,2022,"{""type"":""MultiPoint"",""coordinates"":[]}"
0_000100000000000016ac,Sargodha District,1,0.2514665818365054,0.21430898813644653,2022,"{""type"":""MultiPoint"",""coordinates"":[]}"
0_000100000000000016ad,Sheikhupura District,1,0.2829455825507797,0.25303517512919244,2022,"{""type"":""MultiPoint"",""coordinates"":[]}"
0_000100000000000016ae,Sialkot District,1,0.35547466439445297,0.350265504799383,2022,"{""type"":""MultiPoint"",""coordinates"":[]}"
0_000100000000000016af,Toba Tek Singh District,1,0.22238031232753805,0.1725628754993877,2022,"{""type"":""MultiPoint"",""coordinates"":[]}"
0_000100000000000016b0,Vehari District,1,0.1949337044579179,0.14973537183431274,2022,"{""type"":""MultiPoint"",""coordinates"":[]}"
1_0001000000000000168f,Attock District,2,0.2648033363454044,0.2730517496320558,2022,"{""type"":""MultiPoint"",""coordinates"":[]}"
1_00010000000000001690,Bahawalnagar District,2,0.1170525811405201,0.1410321603415584,2022,"{""type"":""MultiPoint"",""coordinates"":[]}"
1_00010000000000001691,Bahawalpur District,2,0.05554042270352656,0.12295523212347621,2022,"{""type"":""MultiPoint"",""coordinates"":[]}"
1_00010000000000001692,Bhakkar District,2,0.08341955454511135,0.11404070985516197,2022,"{""type"":""MultiPoint"",""coordinates"":[]}"
1_00010000000000001693,Chakwal District,2,0.25092780344822324,0.24859790242577123,2022,"{""type"":""MultiPoint"",""coordinates"":[]}"
1_00010000000000001694,Dera Ghazi Khan District,2,0.05800131145962627,0.14296622367466028,2022,"{""type"":""MultiPoint"",""coordinates"":[]}"
1_00010000000000001695,Faisalabad District,2,0.19527460859532264,0.1798874387485829,2022,"{""type"":""MultiPoint"",""coordinates"":[]}"
1_00010000000000001696,Gujranwala District,2,0.28154200221524034,0.2816489687525394,2022,"{""type"":""MultiPoint"",""coordinates"":[]}"
1_00010000000000001697,Gujrat District,2,0.3056156841535811,0.3087344417826319,2022,"{""type"":""MultiPoint"",""coordinates"":[]}"
1_00010000000000001698,Hafizabad District,2,0.2334448017151576,0.22687863846545872,2022,"{""type"":""MultiPoint"",""coordinates"":[]}"
1_00010000000000001699,Jhang District,2,0.17188995013400632,0.16738739961444898,2022,"{""type"":""MultiPoint"",""coordinates"":[]}"
1_0001000000000000169a,Jhelum District,2,0.2880488456482824,0.2878578199822372,2022,"{""type"":""MultiPoint"",""coordinates"":[]}"
1_0001000000000000169b,Kasur District,2,0.23119742464049636,0.22945875096022858,2022,"{""type"":""MultiPoint"",""coordinates"":[]}"
1_0001000000000000169c,Khanewal District,2,0.14797702972331414,0.14627010362217896,2022,"{""type"":""MultiPoint"",""coordinates"":[]}"
1_0001000000000000169d,Khushab District,2,0.15804265285596128,0.16068336901617913,2022,"{""type"":""MultiPoint"",""coordinates"":[]}"
1_0001000000000000169e,Lahore District,2,0.25341973749025803,0.25863331952261226,2022,"{""type"":""MultiPoint"",""coordinates"":[]}"
1_0001000000000000169f,Layyah District,2,0.06470811608141787,0.09223163634835685,2022,"{""type"":""MultiPoint"",""coordinates"":[]}"
1_000100000000000016a0,Lodhran District,2,0.12942030694171847,0.1375897289636885,2022,"{""type"":""MultiPoint"",""coordinates"":[]}"
1_000100000000000016a1,Mandi Bahauddin District,2,0.2540546519710732,0.25408589208782917,2022,"{""type"":""MultiPoint"",""coordinates"":[]}"
1_000100000000000016a2,Mianwali District,2,0.15516353654145046,0.17530881490282949,2022,"{""type"":""MultiPoint"",""coordinates"":[]}"
1_000100000000000016a3,Multan District,2,0.13197649679578263,0.13865645304841154,2022,"{""type"":""MultiPoint"",""coordinates"":[]}"
1_000100000000000016a4,Muzaffargarh District,2,0.09894713641615054,0.11416281469855151,2022,"{""type"":""MultiPoint"",""coordinates"":[]}"
1_000100000000000016a5,Narowal District,2,0.3443553077490346,0.3482618749232921,2022,"{""type"":""MultiPoint"",""coordinates"":[]}"
1_000100000000000016a6,Okara District,2,0.19846885905457207,0.18922168628024852,2022,"{""type"":""MultiPoint"",""coordinates"":[]}"
1_000100000000000016a7,Pakpattan District,2,0.16121823170240687,0.155958278785341,2022,"{""type"":""MultiPoint"",""coordinates"":[]}"
1_000100000000000016a8,Rahim Yar Khan District,2,0.07811696887274394,0.12287478801211658,2022,"{""type"":""MultiPoint"",""coordinates"":[]}"
1_000100000000000016a9,Rajanpur District,2,0.052546710534118,0.1331447782650181,2022,"{""type"":""MultiPoint"",""coordinates"":[]}"
1_000100000000000016aa,Rawalpindi District,2,0.34308849940595737,0.3498150405858888,2022,"{""type"":""MultiPoint"",""coordinates"":[]}"
1_000100000000000016ab,Sahiwal District,2,0.168217805326508,0.15981250389980473,2022,"{""type"":""MultiPoint"",""coordinates"":[]}"
1_000100000000000016ac,Sargodha District,2,0.2088845658669445,0.1991140958852734,2022,"{""type"":""MultiPoint"",""coordinates"":[]}"
1_000100000000000016ad,Sheikhupura District,2,0.2431823203820155,0.23517689351400772,2022,"{""type"":""MultiPoint"",""coordinates"":[]}"
1_000100000000000016ae,Sialkot District,2,0.3267076129421521,0.3317229963042087,2022,"{""type"":""MultiPoint"",""coordinates"":[]}"
1_000100000000000016af,Toba Tek Singh District,2,0.1782389790078954,0.16780147641675047,2022,"{""type"":""MultiPoint"",""coordinates"":[]}"
1_000100000000000016b0,Vehari District,2,0.13766973999562246,0.14234374307288583,2022,"{""type"":""MultiPoint"",""coordinates"":[]}"
2_0001000000000000168f,Attock District,3,0.24961890185711733,0.26398107096186707,2022,"{""type"":""MultiPoint"",""coordinates"":[]}"
2_00010000000000001690,Bahawalnagar District,3,0.10373691678383244,0.1275747473305205,2022,"{""type"":""MultiPoint"",""coordinates"":[]}"
2_00010000000000001691,Bahawalpur District,3,0.05176346985574359,0.11893102139904603,2022,"{""type"":""MultiPoint"",""coordinates"":[]}"
2_00010000000000001692,Bhakkar District,3,0.08258267622179218,0.11836934253095836,2022,"{""type"":""MultiPoint"",""coordinates"":[]}"
2_00010000000000001693,Chakwal District,3,0.2419752616095801,0.2484790715663837,2022,"{""type"":""MultiPoint"",""coordinates"":[]}"
2_00010000000000001694,Dera Ghazi Khan District,3,0.09795930625475371,0.15345896855116345,2022,"{""type"":""MultiPoint"",""coordinates"":[]}"
2_00010000000000001695,Faisalabad District,3,0.1565646394483904,0.15299198094567718,2022,"{""type"":""MultiPoint"",""coordinates"":[]}"
2_00010000000000001696,Gujranwala District,3,0.2129333152599275,0.23225548055211423,2022,"{""type"":""MultiPoint"",""coordinates"":[]}"
2_00010000000000001697,Gujrat District,3,0.25685523499874957,0.278530262761586,2022,"{""type"":""MultiPoint"",""coordinates"":[]}"
2_00010000000000001698,Hafizabad District,3,0.18181376901541368,0.18384223011194636,2022,"{""type"":""MultiPoint"",""coordinates"":[]}"
2_00010000000000001699,Jhang District,3,0.1467638092408137,0.1455006209799267,2022,"{""type"":""MultiPoint"",""coordinates"":[]}"
2_0001000000000000169a,Jhelum District,3,0.2661467224995901,0.2826496747420121,2022,"{""type"":""MultiPoint"",""coordinates"":[]}"
2_0001000000000000169b,Kasur District,3,0.1687450930597181,0.17532301155188204,2022,"{""type"":""MultiPoint"",""coordinates"":[]}"
2_0001000000000000169c,Khanewal District,3,0.13989877548067992,0.1371514455513793,2022,"{""type"":""MultiPoint"",""coordinates"":[]}"
2_0001000000000000169d,Khushab District,3,0.1574754419605606,0.18418000923291214,2022,"{""type"":""MultiPoint"",""coordinates"":[]}"
2_0001000000000000169e,Lahore District,3,0.17812967900756888,0.20757262279293623,2022,"{""type"":""MultiPoint"",""coordinates"":[]}"
2_0001000000000000169f,Layyah District,3,0.0800775850658464,0.09564638064864733,2022,"{""type"":""MultiPoint"",""coordinates"":[]}"
2_000100000000000016a0,Lodhran District,3,0.1333115289187072,0.13320576191248554,2022,"{""type"":""MultiPoint"",""coordinates"":[]}"
2_000100000000000016a1,Mandi Bahauddin District,3,0.21610516971101257,0.23144484344739447,2022,"{""type"":""MultiPoint"",""coordinates"":[]}"
2_000100000000000016a2,Mianwali District,3,0.14972315829006294,0.1713337002647512,2022,"{""type"":""MultiPoint"",""coordinates"":[]}"
2_000100000000000016a3,Multan District,3,0.13856185506933513,0.13405876388344332,2022,"{""type"":""MultiPoint"",""coordinates"":[]}"
2_000100000000000016a4,Muzaffargarh District,3,0.11022698138299925,0.11376940041835384,2022,"{""type"":""MultiPoint"",""coordinates"":[]}"
2_000100000000000016a5,Narowal District,3,0.26370792603538434,0.2907811875511267,2022,"{""type"":""MultiPoint"",""coordinates"":[]}"
2_000100000000000016a6,Okara District,3,0.14600319810377865,0.14675922518432874,2022,"{""type"":""MultiPoint"",""coordinates"":[]}"
2_000100000000000016a7,Pakpattan District,3,0.1319882769775106,0.13516715970105653,2022,"{""type"":""MultiPoint"",""coordinates"":[]}"
2_000100000000000016a8,Rahim Yar Khan District,3,0.07413864245543522,0.11661439053784657,2022,"{""type"":""MultiPoint"",""coordinates"":[]}"
2_000100000000000016a9,Rajanpur District,3,0.06548351676096445,0.1308838601435864,2022,"{""type"":""MultiPoint"",""coordinates"":[]}"
2_000100000000000016aa,Rawalpindi District,3,0.31888273287337837,0.3458481564654965,2022,"{""type"":""MultiPoint"",""coordinates"":[]}"
2_000100000000000016ab,Sahiwal District,3,0.14282281076041434,0.1442355564886328,2022,"{""type"":""MultiPoint"",""coordinates"":[]}"
2_000100000000000016ac,Sargodha District,3,0.1963982081209031,0.20114912896195983,2022,"{""type"":""MultiPoint"",""coordinates"":[]}"
2_000100000000000016ad,Sheikhupura District,3,0.17680397020898872,0.18562867256521448,2022,"{""type"":""MultiPoint"",""coordinates"":[]}"
2_000100000000000016ae,Sialkot District,3,0.25317378778824834,0.2796809038069102,2022,"{""type"":""MultiPoint"",""coordinates"":[]}"
2_000100000000000016af,Toba Tek Singh District,3,0.15564685809155393,0.1487162623367022,2022,"{""type"":""MultiPoint"",""coordinates"":[]}"
2_000100000000000016b0,Vehari District,3,0.12715516537428145,0.13327303418662706,2022,"{""type"":""MultiPoint"",""coordinates"":[]}"
3_0001000000000000168f,Attock District,4,0.13888689902760076,0.17422013841637254,2022,"{""type"":""MultiPoint"",""coordinates"":[]}"
3_00010000000000001690,Bahawalnagar District,4,0.09204057357235496,0.1244139435699772,2022,"{""type"":""MultiPoint"",""coordinates"":[]}"
3_00010000000000001691,Bahawalpur District,4,0.04172681953097043,0.11556167529071057,2022,"{""type"":""MultiPoint"",""coordinates"":[]}"
3_00010000000000001692,Bhakkar District,4,0.0496220408083638,0.09284350766517413,2022,"{""type"":""MultiPoint"",""coordinates"":[]}"
3_00010000000000001693,Chakwal District,4,0.14268416608962523,0.15967559654454086,2022,"{""type"":""MultiPoint"",""coordinates"":[]}"
3_00010000000000001694,Dera Ghazi Khan District,4,0.04847165769584981,0.14326083100663523,2022,"{""type"":""MultiPoint"",""coordinates"":[]}"
3_00010000000000001695,Faisalabad District,4,0.13402779289995778,0.14444236835174984,2022,"{""type"":""MultiPoint"",""coordinates"":[]}"
3_00010000000000001696,Gujranwala District,4,0.13084280100079648,0.1397462965120329,2022,"{""type"":""MultiPoint"",""coordinates"":[]}"
3_00010000000000001697,Gujrat District,4,0.14020117796024345,0.1519863096461092,2022,"{""type"":""MultiPoint"",""coordinates"":[]}"
3_00010000000000001698,Hafizabad District,4,0.13453061575599926,0.13976173802741376,2022,"{""type"":""MultiPoint"",""coordinates"":[]}"
3_00010000000000001699,Jhang District,4,0.11522560302195405,0.13295303874414946,2022,"{""type"":""MultiPoint"",""coordinates"":[]}"
3_0001000000000000169a,Jhelum District,4,0.14258286189401137,0.15872969549294158,2022,"{""type"":""MultiPoint"",""coordinates"":[]}"
3_0001000000000000169b,Kasur District,4,0.13109397470993397,0.14058425056251359,2022,"{""type"":""MultiPoint"",""coordinates"":[]}"
3_0001000000000000169c,Khanewal District,4,0.1223635747428274,0.13368306967347757,2022,"{""type"":""MultiPoint"",""coordinates"":[]}"
3_0001000000000000169d,Khushab District,4,0.09321500756399363,0.12016321506044057,2022,"{""type"":""MultiPoint"",""coordinates"":[]}"
3_0001000000000000169e,Lahore District,4,0.1269037831068473,0.15140734635862674,2022,"{""type"":""MultiPoint"",""coordinates"":[]}"
3_0001000000000000169f,Layyah District,4,0.04949783106546937,0.0856992773486606,2022,"{""type"":""MultiPoint"",""coordinates"":[]}"
3_000100000000000016a0,Lodhran District,4,0.12044386562533994,0.13102519052056294,2022,"{""type"":""MultiPoint"",""coordinates"":[]}"
3_000100000000000016a1,Mandi Bahauddin District,4,0.13141981463743885,0.1451126873306828,2022,"{""type"":""MultiPoint"",""coordinates"":[]}"
3_000100000000000016a2,Mianwali District,4,0.0978882301574235,0.13563815923674255,2022,"{""type"":""MultiPoint"",""coordinates"":[]}"
3_000100000000000016a3,Multan District,4,0.12015830012451885,0.13126282496354336,2022,"{""type"":""MultiPoint"",""coordinates"":[]}"
3_000100000000000016a4,Muzaffargarh District,4,0.08963325253397944,0.10885619158094206,2022,"{""type"":""MultiPoint"",""coordinates"":[]}"
3_000100000000000016a5,Narowal District,4,0.14142419409520046,0.16397174027951608,2022,"{""type"":""MultiPoint"",""coordinates"":[]}"
3_000100000000000016a6,Okara District,4,0.12430378565308718,0.13456765048727504,2022,"{""type"":""MultiPoint"",""coordinates"":[]}"
3_000100000000000016a7,Pakpattan District,4,0.12213750347366698,0.13192408602339653,2022,"{""type"":""MultiPoint"",""coordinates"":[]}"
3_000100000000000016a8,Rahim Yar Khan District,4,0.07019431406830225,0.11379489665031009,2022,"{""type"":""MultiPoint"",""coordinates"":[]}"
3_000100000000000016a9,Rajanpur District,4,0.04720407294851749,0.128276446585886,2022,"{""type"":""MultiPoint"",""coordinates"":[]}"
3_000100000000000016aa,Rawalpindi District,4,0.18051437256312727,0.22181307272740475,2022,"{""type"":""MultiPoint"",""coordinates"":[]}"
3_000100000000000016ab,Sahiwal District,4,0.1290096698117613,0.13957481745640832,2022,"{""type"":""MultiPoint"",""coordinates"":[]}"
3_000100000000000016ac,Sargodha District,4,0.13546610316880867,0.1445144711883425,2022,"{""type"":""MultiPoint"",""coordinates"":[]}"
3_000100000000000016ad,Sheikhupura District,4,0.12711123388602985,0.1370318969765371,2022,"{""type"":""MultiPoint"",""coordinates"":[]}"
3_000100000000000016ae,Sialkot District,4,0.1391724987626554,0.15569958508888507,2022,"{""type"":""MultiPoint"",""coordinates"":[]}"
3_000100000000000016af,Toba Tek Singh District,4,0.13025659647949275,0.14212373331213304,2022,"{""type"":""MultiPoint"",""coordinates"":[]}"
3_000100000000000016b0,Vehari District,4,0.12017485993313388,0.13098542683942227,2022,"{""type"":""MultiPoint"",""coordinates"":[]}"
4_0001000000000000168f,Attock District,5,0.12629699290854224,0.14509617220243692,2022,"{""type"":""MultiPoint"",""coordinates"":[]}"
4_00010000000000001690,Bahawalnagar District,5,0.09382881979412647,0.12217750869048329,2022,"{""type"":""MultiPoint"",""coordinates"":[]}"
4_00010000000000001691,Bahawalpur District,5,0.03541667449079486,0.11095761984189687,2022,"{""type"":""MultiPoint"",""coordinates"":[]}"
4_00010000000000001692,Bhakkar District,5,0.04678266361835343,0.08744180608598384,2022,"{""type"":""MultiPoint"",""coordinates"":[]}"
4_00010000000000001693,Chakwal District,5,0.14022049858305122,0.14713218183942928,2022,"{""type"":""MultiPoint"",""coordinates"":[]}"
4_00010000000000001694,Dera Ghazi Khan District,5,0.04544656476214369,0.13789120009372013,2022,"{""type"":""MultiPoint"",""coordinates"":[]}"
4_00010000000000001695,Faisalabad District,5,0.13802337091447373,0.143536555976569,2022,"{""type"":""MultiPoint"",""coordinates"":[]}"
4_00010000000000001696,Gujranwala District,5,0.1432577385343752,0.1357425761337262,2022,"{""type"":""MultiPoint"",""coordinates"":[]}"
4_00010000000000001697,Gujrat District,5,0.1412737873894083,0.13219142330755568,2022,"{""type"":""MultiPoint"",""coordinates"":[]}"
4_00010000000000001698,Hafizabad District,5,0.1372850239343677,0.13876130484712332,2022,"{""type"":""MultiPoint"",""coordinates"":[]}"
4_00010000000000001699,Jhang District,5,0.11713345122045098,0.13185430360278902,2022,"{""type"":""MultiPoint"",""coordinates"":[]}"
4_0001000000000000169a,Jhelum District,5,0.13556545069242873,0.1343232707981122,2022,"{""type"":""MultiPoint"",""coordinates"":[]}"
4_0001000000000000169b,Kasur District,5,0.14673125859458308,0.140961668934581,2022,"{""type"":""MultiPoint"",""coordinates"":[]}"
4_0001000000000000169c,Khanewal District,5,0.12451117817148549,0.13191714267509344,2022,"{""type"":""MultiPoint"",""coordinates"":[]}"
4_0001000000000000169d,Khushab District,5,0.09456660801978106,0.11270301598464605,2022,"{""type"":""MultiPoint"",""coordinates"":[]}"
4_0001000000000000169e,Lahore District,5,0.14268530514974478,0.15072826474852175,2022,"{""type"":""MultiPoint"",""coordinates"":[]}"
4_0001000000000000169f,Layyah District,5,0.04641194644916618,0.08287823331226236,2022,"{""type"":""MultiPoint"",""coordinates"":[]}"
4_000100000000000016a0,Lodhran District,5,0.12035210351454204,0.12938599954268137,2022,"{""type"":""MultiPoint"",""coordinates"":[]}"
4_000100000000000016a1,Mandi Bahauddin District,5,0.13158473615864827,0.1380749552567053,2022,"{""type"":""MultiPoint"",""coordinates"":[]}"
4_000100000000000016a2,Mianwali District,5,0.09577641041442518,0.13029391820007308,2022,"{""type"":""MultiPoint"",""coordinates"":[]}"
4_000100000000000016a3,Multan District,5,0.12042144067593014,0.12948222960649386,2022,"{""type"":""MultiPoint"",""coordinates"":[]}"
4_000100000000000016a4,Muzaffargarh District,5,0.08797888270631436,0.10731361999231262,2022,"{""type"":""MultiPoint"",""coordinates"":[]}"
4_000100000000000016a5,Narowal District,5,0.1553779508999223,0.1436154742096162,2022,"{""type"":""MultiPoint"",""coordinates"":[]}"
4_000100000000000016a6,Okara District,5,0.13585106103767172,0.13519908910482228,2022,"{""type"":""MultiPoint"",""coordinates"":[]}"
4_000100000000000016a7,Pakpattan District,5,0.1267091536149165,0.1306503731937137,2022,"{""type"":""MultiPoint"",""coordinates"":[]}"
4_000100000000000016a8,Rahim Yar Khan District,5,0.06294854429983483,0.1110957581632593,2022,"{""type"":""MultiPoint"",""coordinates"":[]}"
4_000100000000000016a9,Rajanpur District,5,0.04379228105953694,0.12594002159897205,2022,"{""type"":""MultiPoint"",""coordinates"":[]}"
4_000100000000000016aa,Rawalpindi District,5,0.17024694690224437,0.19154387567896752,2022,"{""type"":""MultiPoint"",""coordinates"":[]}"
4_000100000000000016ab,Sahiwal District,5,0.1325928062071287,0.13789159042921237,2022,"{""type"":""MultiPoint"",""coordinates"":[]}"
4_000100000000000016ac,Sargodha District,5,0.13743072452231692,0.14220459566923674,2022,"{""type"":""MultiPoint"",""coordinates"":[]}"
4_000100000000000016ad,Sheikhupura District,5,0.13931416433680185,0.1369087807025699,2022,"{""type"":""MultiPoint"",""coordinates"":[]}"
4_000100000000000016ae,Sialkot District,5,0.1468862592892903,0.13683073848108854,2022,"{""type"":""MultiPoint"",""coordinates"":[]}"
4_000100000000000016af,Toba Tek Singh District,5,0.1322923789249594,0.14038064134777373,2022,"{""type"":""MultiPoint"",""coordinates"":[]}"
4_000100000000000016b0,Vehari District,5,0.12092587094186674,0.12925822841284193,2022,"{""type"":""MultiPoint"",""coordinates"":[]}"
5_0001000000000000168f,Attock District,6,0.1757304410046424,0.17651275346576545,2022,"{""type"":""MultiPoint"",""coordinates"":[]}"
5_00010000000000001690,Bahawalnagar District,6,0.1281615181345487,0.14485027611408183,2022,"{""type"":""MultiPoint"",""coordinates"":[]}"
5_00010000000000001691,Bahawalpur District,6,0.05811132913771974,0.11862957880943281,2022,"{""type"":""MultiPoint"",""coordinates"":[]}"
5_00010000000000001692,Bhakkar District,6,0.09006703362213082,0.11623552889266373,2022,"{""type"":""MultiPoint"",""coordinates"":[]}"
5_00010000000000001693,Chakwal District,6,0.1864746608864742,0.17940128301241712,2022,"{""type"":""MultiPoint"",""coordinates"":[]}"
5_00010000000000001694,Dera Ghazi Khan District,6,0.09139498297373753,0.16485656716087904,2022,"{""type"":""MultiPoint"",""coordinates"":[]}"
5_00010000000000001695,Faisalabad District,6,0.17478332413245345,0.16106762030094032,2022,"{""type"":""MultiPoint"",""coordinates"":[]}"
5_00010000000000001696,Gujranwala District,6,0.2043638254838731,0.19340363373692634,2022,"{""type"":""MultiPoint"",""coordinates"":[]}"
5_00010000000000001697,Gujrat District,6,0.19472434660747406,0.1868500748672685,2022,"{""type"":""MultiPoint"",""coordinates"":[]}"
5_00010000000000001698,Hafizabad District,6,0.1871459512680146,0.18031452399933104,2022,"{""type"":""MultiPoint"",""coordinates"":[]}"
5_00010000000000001699,Jhang District,6,0.16229026595772747,0.16294076163175947,2022,"{""type"":""MultiPoint"",""coordinates"":[]}"
5_0001000000000000169a,Jhelum District,6,0.19184595676291505,0.17815485385977153,2022,"{""type"":""MultiPoint"",""coordinates"":[]}"
5_0001000000000000169b,Kasur District,6,0.1779173851850772,0.1605972543240181,2022,"{""type"":""MultiPoint"",""coordinates"":[]}"
5_0001000000000000169c,Khanewal District,6,0.16544288227099427,0.16604604704645923,2022,"{""type"":""MultiPoint"",""coordinates"":[]}"
5_0001000000000000169d,Khushab District,6,0.1350237791026629,0.1370229131691484,2022,"{""type"":""MultiPoint"",""coordinates"":[]}"
5_0001000000000000169e,Lahore District,6,0.18339892371551766,0.18885123615107532,2022,"{""type"":""MultiPoint"",""coordinates"":[]}"
5_0001000000000000169f,Layyah District,6,0.10299244021540492,0.12808589150879282,2022,"{""type"":""MultiPoint"",""coordinates"":[]}"
5_000100000000000016a0,Lodhran District,6,0.1541773596988211,0.1550387180448084,2022,"{""type"":""MultiPoint"",""coordinates"":[]}"
5_000100000000000016a1,Mandi Bahauddin District,6,0.18302226172603922,0.1816846561326568,2022,"{""type"":""MultiPoint"",""coordinates"":[]}"
5_000100000000000016a2,Mianwali District,6,0.150858430069593,0.16579915786432886,2022,"{""type"":""MultiPoint"",""coordinates"":[]}"
5_000100000000000016a3,Multan District,6,0.16069552923152908,0.16308223650975334,2022,"{""type"":""MultiPoint"",""coordinates"":[]}"
5_000100000000000016a4,Muzaffargarh District,6,0.1263189113988045,0.1380957993564829,2022,"{""type"":""MultiPoint"",""coordinates"":[]}"
5_000100000000000016a5,Narowal District,6,0.2107552319948007,0.2030448667175549,2022,"{""type"":""MultiPoint"",""coordinates"":[]}"
5_000100000000000016a6,Okara District,6,0.16140393339589534,0.14555047936174717,2022,"{""type"":""MultiPoint"",""coordinates"":[]}"
5_000100000000000016a7,Pakpattan District,6,0.16055833218275836,0.14734761487630635,2022,"{""type"":""MultiPoint"",""coordinates"":[]}"
5_000100000000000016a8,Rahim Yar Khan District,6,0.06826521844424581,0.1103857492774113,2022,"{""type"":""MultiPoint"",""coordinates"":[]}"
5_000100000000000016a9,Rajanpur District,6,0.06008814701227392,0.12563331029207386,2022,"{""type"":""MultiPoint"",""coordinates"":[]}"
5_000100000000000016aa,Rawalpindi District,6,0.22283991773094158,0.2328376650392382,2022,"{""type"":""MultiPoint"",""coordinates"":[]}"
5_000100000000000016ab,Sahiwal District,6,0.16478595079514913,0.15353015133425976,2022,"{""type"":""MultiPoint"",""coordinates"":[]}"
5_000100000000000016ac,Sargodha District,6,0.17859675979955095,0.17010647812999796,2022,"{""type"":""MultiPoint"",""coordinates"":[]}"
5_000100000000000016ad,Sheikhupura District,6,0.18565356081852072,0.17728387537398213,2022,"{""type"":""MultiPoint"",""coordinates"":[]}"
5_000100000000000016ae,Sialkot District,6,0.20719252367429256,0.19634050582653614,2022,"{""type"":""MultiPoint"",""coordinates"":[]}"
5_000100000000000016af,Toba Tek Singh District,6,0.16764542662036425,0.1589262827169966,2022,"{""type"":""MultiPoint"",""coordinates"":[]}"
5_000100000000000016b0,Vehari District,6,0.15561873691807648,0.1526775656165439,2022,"{""type"":""MultiPoint"",""coordinates"":[]}"
6_0001000000000000168f,Attock District,7,0.3144072799994723,0.29236943585113345,2022,"{""type"":""MultiPoint"",""coordinates"":[]}"
6_00010000000000001690,Bahawalnagar District,7,0.28081639409591996,0.25324684757623006,2022,"{""type"":""MultiPoint"",""coordinates"":[]}"
6_00010000000000001691,Bahawalpur District,7,0.18856574369772408,0.1958610427605301,2022,"{""type"":""MultiPoint"",""coordinates"":[]}"
6_00010000000000001692,Bhakkar District,7,0.19842927021305148,0.20222790677606756,2022,"{""type"":""MultiPoint"",""coordinates"":[]}"
6_00010000000000001693,Chakwal District,7,0.3327828276975145,0.30479476085166135,2022,"{""type"":""MultiPoint"",""coordinates"":[]}"
6_00010000000000001694,Dera Ghazi Khan District,7,0.2469790207058116,0.2690406065590712,2022,"{""type"":""MultiPoint"",""coordinates"":[]}"
6_00010000000000001695,Faisalabad District,7,0.32015637808905584,0.2840748024501912,2022,"{""type"":""MultiPoint"",""coordinates"":[]}"
6_00010000000000001696,Gujranwala District,7,0.376313896125017,0.359151686219501,2022,"{""type"":""MultiPoint"",""coordinates"":[]}"
6_00010000000000001697,Gujrat District,7,0.364079896969582,0.34478382860042023,2022,"{""type"":""MultiPoint"",""coordinates"":[]}"
6_00010000000000001698,Hafizabad District,7,0.3500431021805445,0.33013213318476015,2022,"{""type"":""MultiPoint"",""coordinates"":[]}"
6_00010000000000001699,Jhang District,7,0.29637009508736284,0.2790307207269594,2022,"{""type"":""MultiPoint"",""coordinates"":[]}"
6_0001000000000000169a,Jhelum District,7,0.3516690454107717,0.32510670035221734,2022,"{""type"":""MultiPoint"",""coordinates"":[]}"
6_0001000000000000169b,Kasur District,7,0.35563532445512913,0.314898990945894,2022,"{""type"":""MultiPoint"",""coordinates"":[]}"
6_0001000000000000169c,Khanewal District,7,0.2998645513728689,0.2691691626967398,2022,"{""type"":""MultiPoint"",""coordinates"":[]}"
6_0001000000000000169d,Khushab District,7,0.2673979225932748,0.25642404434897037,2022,"{""type"":""MultiPoint"",""coordinates"":[]}"
6_0001000000000000169e,Lahore District,7,0.37211370736815114,0.35170415012700074,2022,"{""type"":""MultiPoint"",""coordinates"":[]}"
6_0001000000000000169f,Layyah District,7,0.2027293251970437,0.20159469272920777,2022,"{""type"":""MultiPoint"",""coordinates"":[]}"
6_000100000000000016a0,Lodhran District,7,0.2931978770921963,0.2616620148036147,2022,"{""type"":""MultiPoint"",""coordinates"":[]}"
6_000100000000000016a1,Mandi Bahauddin District,7,0.35104021353265213,0.3272251219856178,2022,"{""type"":""MultiPoint"",""coordinates"":[]}"
6_000100000000000016a2,Mianwali District,7,0.30936566231722584,0.30045894551974367,2022,"{""type"":""MultiPoint"",""coordinates"":[]}"
6_000100000000000016a3,Multan District,7,0.29245383999623237,0.2673756516546354,2022,"{""type"":""MultiPoint"",""coordinates"":[]}"
6_000100000000000016a4,Muzaffargarh District,7,0.26235755027879587,0.24646653603555319,2022,"{""type"":""MultiPoint"",""coordinates"":[]}"
6_000100000000000016a5,Narowal District,7,0.373439057275817,0.3573239882133941,2022,"{""type"":""MultiPoint"",""coordinates"":[]}"
6_000100000000000016a6,Okara District,7,0.3174651705306911,0.26971176402716696,2022,"{""type"":""MultiPoint"",""coordinates"":[]}"
6_000100000000000016a7,Pakpattan District,7,0.30826748020647127,0.2684843383376591,2022,"{""type"":""MultiPoint"",""coordinates"":[]}"
6_000100000000000016a8,Rahim Yar Khan District,7,0.22861203518243386,0.2075760936060872,2022,"{""type"":""MultiPoint"",""coordinates"":[]}"
6_000100000000000016a9,Rajanpur District,7,0.2245804464648007,0.22006029442147174,2022,"{""type"":""MultiPoint"",""coordinates"":[]}"
6_000100000000000016aa,Rawalpindi District,7,0.37204903812754464,0.3478411237581718,2022,"{""type"":""MultiPoint"",""coordinates"":[]}"
6_000100000000000016ab,Sahiwal District,7,0.31022662113570215,0.26991911140385383,2022,"{""type"":""MultiPoint"",""coordinates"":[]}"
6_000100000000000016ac,Sargodha District,7,0.3148292942403702,0.2936283967795843,2022,"{""type"":""MultiPoint"",""coordinates"":[]}"
6_000100000000000016ad,Sheikhupura District,7,0.3566759627518253,0.3299753742809817,2022,"{""type"":""MultiPoint"",""coordinates"":[]}"
6_000100000000000016ae,Sialkot District,7,0.374382327494103,0.35688672696956336,2022,"{""type"":""MultiPoint"",""coordinates"":[]}"
6_000100000000000016af,Toba Tek Singh District,7,0.30612180459331045,0.268441029755547,2022,"{""type"":""MultiPoint"",""coordinates"":[]}"
6_000100000000000016b0,Vehari District,7,0.29928207758815145,0.2616233248581059,2022,"{""type"":""MultiPoint"",""coordinates"":[]}"
7_0001000000000000168f,Attock District,8,0.2969285423916038,0.2954271636684902,2022,"{""type"":""MultiPoint"",""coordinates"":[]}"
7_00010000000000001690,Bahawalnagar District,8,0.22460195357676252,0.24177911023718401,2022,"{""type"":""MultiPoint"",""coordinates"":[]}"
7_00010000000000001691,Bahawalpur District,8,0.17441109460338183,0.21897108152616915,2022,"{""type"":""MultiPoint"",""coordinates"":[]}"
7_00010000000000001692,Bhakkar District,8,0.21485546844038805,0.24904099472735794,2022,"{""type"":""MultiPoint"",""coordinates"":[]}"
7_00010000000000001693,Chakwal District,8,0.3416321091751914,0.3391288928899563,2022,"{""type"":""MultiPoint"",""coordinates"":[]}"
7_00010000000000001694,Dera Ghazi Khan District,8,0.3315249223527268,0.35752778970770704,2022,"{""type"":""MultiPoint"",""coordinates"":[]}"
7_00010000000000001695,Faisalabad District,8,0.2738883354652366,0.2751481343298417,2022,"{""type"":""MultiPoint"",""coordinates"":[]}"
7_00010000000000001696,Gujranwala District,8,0.34352057859866697,0.34031662313104416,2022,"{""type"":""MultiPoint"",""coordinates"":[]}"
7_00010000000000001697,Gujrat District,8,0.34644072461272585,0.34427421132947017,2022,"{""type"":""MultiPoint"",""coordinates"":[]}"
7_00010000000000001698,Hafizabad District,8,0.31321267096578365,0.3054550082381281,2022,"{""type"":""MultiPoint"",""coordinates"":[]}"
7_00010000000000001699,Jhang District,8,0.25851855336638657,0.27123080380375264,2022,"{""type"":""MultiPoint"",""coordinates"":[]}"
7_0001000000000000169a,Jhelum District,8,0.3440739836571384,0.34066001818566904,2022,"{""type"":""MultiPoint"",""coordinates"":[]}"
7_0001000000000000169b,Kasur District,8,0.2976702016641545,0.29632692586518977,2022,"{""type"":""MultiPoint"",""coordinates"":[]}"
7_0001000000000000169c,Khanewal District,8,0.2458924083636478,0.24349313901865846,2022,"{""type"":""MultiPoint"",""coordinates"":[]}"
7_0001000000000000169d,Khushab District,8,0.2769829496053514,0.28761670538058437,2022,"{""type"":""MultiPoint"",""coordinates"":[]}"
7_0001000000000000169e,Lahore District,8,0.3119294092192169,0.31697222162742467,2022,"{""type"":""MultiPoint"",""coordinates"":[]}"
7_0001000000000000169f,Layyah District,8,0.2096842277892551,0.2449576838998769,2022,"{""type"":""MultiPoint"",""coordinates"":[]}"
7_000100000000000016a0,Lodhran District,8,0.26420998370429877,0.24950467214078406,2022,"{""type"":""MultiPoint"",""coordinates"":[]}"
7_000100000000000016a1,Mandi Bahauddin District,8,0.32454127604918753,0.3238492400625306,2022,"{""type"":""MultiPoint"",""coordinates"":[]}"
7_000100000000000016a2,Mianwali District,8,0.31510116982690595,0.32556255985700666,2022,"{""type"":""MultiPoint"",""coordinates"":[]}"
7_000100000000000016a3,Multan District,8,0.2917902839259132,0.2855276717684586,2022,"{""type"":""MultiPoint"",""coordinates"":[]}"
7_000100000000000016a4,Muzaffargarh District,8,0.28198470041605095,0.29534987797451745,2022,"{""type"":""MultiPoint"",""coordinates"":[]}"
7_000100000000000016a5,Narowal District,8,0.38024591379812517,0.3793393720650982,2022,"{""type"":""MultiPoint"",""coordinates"":[]}"
7_000100000000000016a6,Okara District,8,0.2711210660088791,0.271745418727026,2022,"{""type"":""MultiPoint"",""coordinates"":[]}"
7_000100000000000016a7,Pakpattan District,8,0.25663627464800914,0.2605316978741514,2022,"{""type"":""MultiPoint"",""coordinates"":[]}"
7_000100000000000016a8,Rahim Yar Khan District,8,0.24218978616657408,0.26751498298000864,2022,"{""type"":""MultiPoint"",""coordinates"":[]}"
7_000100000000000016a9,Rajanpur District,8,0.3023002625482129,0.33571303739701586,2022,"{""type"":""MultiPoint"",""coordinates"":[]}"
7_000100000000000016aa,Rawalpindi District,8,0.35474118904696156,0.34965431834958427,2022,"{""type"":""MultiPoint"",""coordinates"":[]}"
7_000100000000000016ab,Sahiwal District,8,0.24902789838139835,0.25265561274582754,2022,"{""type"":""MultiPoint"",""coordinates"":[]}"
7_000100000000000016ac,Sargodha District,8,0.31852429489088907,0.3141448193448489,2022,"{""type"":""MultiPoint"",""coordinates"":[]}"
7_000100000000000016ad,Sheikhupura District,8,0.3088180023131862,0.3059966856474578,2022,"{""type"":""MultiPoint"",""coordinates"":[]}"
7_000100000000000016ae,Sialkot District,8,0.3686462624614076,0.3661498356188415,2022,"{""type"":""MultiPoint"",""coordinates"":[]}"
7_000100000000000016af,Toba Tek Singh District,8,0.2494291026514297,0.2542599922333907,2022,"{""type"":""MultiPoint"",""coordinates"":[]}"
7_000100000000000016b0,Vehari District,8,0.24184876453804843,0.23683208390917904,2022,"{""type"":""MultiPoint"",""coordinates"":[]}"
8_0001000000000000168f,Attock District,9,0.21842944779817725,0.23494932549693984,2022,"{""type"":""MultiPoint"",""coordinates"":[]}"
8_00010000000000001690,Bahawalnagar District,9,0.10154207301511527,0.14479766224313143,2022,"{""type"":""MultiPoint"",""coordinates"":[]}"
8_00010000000000001691,Bahawalpur District,9,0.05746321496528188,0.15638178771517522,2022,"{""type"":""MultiPoint"",""coordinates"":[]}"
8_00010000000000001692,Bhakkar District,9,0.09106665008971325,0.16743327224679866,2022,"{""type"":""MultiPoint"",""coordinates"":[]}"
8_00010000000000001693,Chakwal District,9,0.271481589929721,0.2827196876539782,2022,"{""type"":""MultiPoint"",""coordinates"":[]}"
8_00010000000000001694,Dera Ghazi Khan District,9,0.1569218221324783,0.2711073618479619,2022,"{""type"":""MultiPoint"",""coordinates"":[]}"
8_00010000000000001695,Faisalabad District,9,0.1534606833510851,0.15954441003779035,2022,"{""type"":""MultiPoint"",""coordinates"":[]}"
8_00010000000000001696,Gujranwala District,9,0.2262667082648444,0.2308198242851121,2022,"{""type"":""MultiPoint"",""coordinates"":[]}"
8_00010000000000001697,Gujrat District,9,0.2884863481601118,0.2913510142029254,2022,"{""type"":""MultiPoint"",""coordinates"":[]}"
8_00010000000000001698,Hafizabad District,9,0.18620237563194597,0.19650185352476113,2022,"{""type"":""MultiPoint"",""coordinates"":[]}"
8_00010000000000001699,Jhang District,9,0.1372395490559785,0.16227653962550934,2022,"{""type"":""MultiPoint"",""coordinates"":[]}"
8_0001000000000000169a,Jhelum District,9,0.2909902124969694,0.2947133381929949,2022,"{""type"":""MultiPoint"",""coordinates"":[]}"
8_0001000000000000169b,Kasur District,9,0.167024695786383,0.16638226381495697,2022,"{""type"":""MultiPoint"",""coordinates"":[]}"
8_0001000000000000169c,Khanewal District,9,0.12780529371247007,0.14572448309536853,2022,"{""type"":""MultiPoint"",""coordinates"":[]}"
8_0001000000000000169d,Khushab District,9,0.16702153610958534,0.20310155968167096,2022,"{""type"":""MultiPoint"",""coordinates"":[]}"
8_0001000000000000169e,Lahore District,9,0.17439405653211806,0.19398158830908174,2022,"{""type"":""MultiPoint"",""coordinates"":[]}"
8_0001000000000000169f,Layyah District,9,0.08827657579283552,0.15864393055032947,2022,"{""type"":""MultiPoint"",""coordinates"":[]}"
8_000100000000000016a0,Lodhran District,9,0.13075680100988593,0.1511157118145072,2022,"{""type"":""MultiPoint"",""coordinates"":[]}"
8_000100000000000016a1,Mandi Bahauddin District,9,0.22331721424702755,0.24085243094758735,2022,"{""type"":""MultiPoint"",""coordinates"":[]}"
8_000100000000000016a2,Mianwali District,9,0.19521419617082075,0.24107027770753353,2022,"{""type"":""MultiPoint"",""coordinates"":[]}"
8_000100000000000016a3,Multan District,9,0.14178084520096168,0.17217103617760066,2022,"{""type"":""MultiPoint"",""coordinates"":[]}"
8_000100000000000016a4,Muzaffargarh District,9,0.13416937818541114,0.18783444872527266,2022,"{""type"":""MultiPoint"",""coordinates"":[]}"
8_000100000000000016a5,Narowal District,9,0.33214845128193043,0.3336314011086022,2022,"{""type"":""MultiPoint"",""coordinates"":[]}"
8_000100000000000016a6,Okara District,9,0.13700356609951064,0.1476225172417454,2022,"{""type"":""MultiPoint"",""coordinates"":[]}"
8_000100000000000016a7,Pakpattan District,9,0.129620367540995,0.14479900663279588,2022,"{""type"":""MultiPoint"",""coordinates"":[]}"
8_000100000000000016a8,Rahim Yar Khan District,9,0.09986131837313626,0.1793686056588934,2022,"{""type"":""MultiPoint"",""coordinates"":[]}"
8_000100000000000016a9,Rajanpur District,9,0.12235341158518959,0.2503587972763785,2022,"{""type"":""MultiPoint"",""coordinates"":[]}"
8_000100000000000016aa,Rawalpindi District,9,0.30279185162928807,0.30710820571638564,2022,"{""type"":""MultiPoint"",""coordinates"":[]}"
8_000100000000000016ab,Sahiwal District,9,0.1349458408000546,0.14845777407613392,2022,"{""type"":""MultiPoint"",""coordinates"":[]}"
8_000100000000000016ac,Sargodha District,9,0.20539011836272572,0.21528783702905113,2022,"{""type"":""MultiPoint"",""coordinates"":[]}"
8_000100000000000016ad,Sheikhupura District,9,0.16676631139689455,0.17640787937356528,2022,"{""type"":""MultiPoint"",""coordinates"":[]}"
8_000100000000000016ae,Sialkot District,9,0.30085278409061894,0.2999756568483143,2022,"{""type"":""MultiPoint"",""coordinates"":[]}"
8_000100000000000016af,Toba Tek Singh District,9,0.1356320711606461,0.15201898300933525,2022,"{""type"":""MultiPoint"",""coordinates"":[]}"
8_000100000000000016b0,Vehari District,9,0.12454827207089528,0.14088607458576577,2022,"{""type"":""MultiPoint"",""coordinates"":[]}"
9_0001000000000000168f,Attock District,10,0.1657664499026792,0.1742830583182734,2022,"{""type"":""MultiPoint"",""coordinates"":[]}"
9_00010000000000001690,Bahawalnagar District,10,0.09649522542617171,0.1319042245041577,2022,"{""type"":""MultiPoint"",""coordinates"":[]}"
9_00010000000000001691,Bahawalpur District,10,0.052621168119085605,0.1363297134484279,2022,"{""type"":""MultiPoint"",""coordinates"":[]}"
9_00010000000000001692,Bhakkar District,10,0.052535774954407345,0.11947810581804455,2022,"{""type"":""MultiPoint"",""coordinates"":[]}"
9_00010000000000001693,Chakwal District,10,0.1759286354584968,0.19717679223431425,2022,"{""type"":""MultiPoint"",""coordinates"":[]}"
9_00010000000000001694,Dera Ghazi Khan District,10,0.05541888833274653,0.19928685982202574,2022,"{""type"":""MultiPoint"",""coordinates"":[]}"
9_00010000000000001695,Faisalabad District,10,0.13671256664655088,0.14605733847196717,2022,"{""type"":""MultiPoint"",""coordinates"":[]}"
9_00010000000000001696,Gujranwala District,10,0.14697958159441094,0.15914415059504347,2022,"{""type"":""MultiPoint"",""coordinates"":[]}"
9_00010000000000001697,Gujrat District,10,0.18773099250669073,0.20181447709348718,2022,"{""type"":""MultiPoint"",""coordinates"":[]}"
9_00010000000000001698,Hafizabad District,10,0.13667165509425575,0.1459067477927013,2022,"{""type"":""MultiPoint"",""coordinates"":[]}"
9_00010000000000001699,Jhang District,10,0.11669240169142997,0.13914336378278447,2022,"{""type"":""MultiPoint"",""coordinates"":[]}"
9_0001000000000000169a,Jhelum District,10,0.20041129571869298,0.21071785198828924,2022,"{""type"":""MultiPoint"",""coordinates"":[]}"
9_0001000000000000169b,Kasur District,10,0.13880110415092195,0.1464148113572518,2022,"{""type"":""MultiPoint"",""coordinates"":[]}"
9_0001000000000000169c,Khanewal District,10,0.12282463166778064,0.13533713797586372,2022,"{""type"":""MultiPoint"",""coordinates"":[]}"
9_0001000000000000169d,Khushab District,10,0.09765058965230046,0.1394217276287746,2022,"{""type"":""MultiPoint"",""coordinates"":[]}"
9_0001000000000000169e,Lahore District,10,0.1362282363643673,0.1642638896405342,2022,"{""type"":""MultiPoint"",""coordinates"":[]}"
9_0001000000000000169f,Layyah District,10,0.05569987261177974,0.11240131947746486,2022,"{""type"":""MultiPoint"",""coordinates"":[]}"
9_000100000000000016a0,Lodhran District,10,0.12021199811933182,0.13300094589097297,2022,"{""type"":""MultiPoint"",""coordinates"":[]}"
9_000100000000000016a1,Mandi Bahauddin District,10,0.16109191627065342,0.1728259051522835,2022,"{""type"":""MultiPoint"",""coordinates"":[]}"
9_000100000000000016a2,Mianwali District,10,0.10255235653428937,0.1660703227824316,2022,"{""type"":""MultiPoint"",""coordinates"":[]}"
9_000100000000000016a3,Multan District,10,0.12062629043315806,0.13490238618885245,2022,"{""type"":""MultiPoint"",""coordinates"":[]}"
9_000100000000000016a4,Muzaffargarh District,10,0.09126619364134184,0.12515073198359306,2022,"{""type"":""MultiPoint"",""coordinates"":[]}"
9_000100000000000016a5,Narowal District,10,0.2348440267086476,0.2590979660251902,2022,"{""type"":""MultiPoint"",""coordinates"":[]}"
9_000100000000000016a6,Okara District,10,0.12633987140407268,0.13536379502666968,2022,"{""type"":""MultiPoint"",""coordinates"":[]}"
9_000100000000000016a7,Pakpattan District,10,0.12207715285530676,0.13325789146169775,2022,"{""type"":""MultiPoint"",""coordinates"":[]}"
9_000100000000000016a8,Rahim Yar Khan District,10,0.07338452717835257,0.13411946870679797,2022,"{""type"":""MultiPoint"",""coordinates"":[]}"
9_000100000000000016a9,Rajanpur District,10,0.053405011105201614,0.18479650570597458,2022,"{""type"":""MultiPoint"",""coordinates"":[]}"
9_000100000000000016aa,Rawalpindi District,10,0.22421154105588395,0.23483699812453587,2022,"{""type"":""MultiPoint"",""coordinates"":[]}"
9_000100000000000016ab,Sahiwal District,10,0.12937564222801526,0.14099105839004086,2022,"{""type"":""MultiPoint"",""coordinates"":[]}"
9_000100000000000016ac,Sargodha District,10,0.14003645347659346,0.1549396625319079,2022,"{""type"":""MultiPoint"",""coordinates"":[]}"
9_000100000000000016ad,Sheikhupura District,10,0.1303746032374492,0.1417020598230572,2022,"{""type"":""MultiPoint"",""coordinates"":[]}"
9_000100000000000016ae,Sialkot District,10,0.18484322991673285,0.20741265122046448,2022,"{""type"":""MultiPoint"",""coordinates"":[]}"
9_000100000000000016af,Toba Tek Singh District,10,0.13065812393882598,0.14311390749801445,2022,"{""type"":""MultiPoint"",""coordinates"":[]}"
9_000100000000000016b0,Vehari District,10,0.12040517150329268,0.1327904435294426,2022,"{""type"":""MultiPoint"",""coordinates"":[]}"
10_0001000000000000168f,Attock District,11,0.20941887955705452,0.1946893751797049,2022,"{""type"":""MultiPoint"",""coordinates"":[]}"
10_00010000000000001690,Bahawalnagar District,11,0.10651424920591432,0.1301189768196574,2022,"{""type"":""MultiPoint"",""coordinates"":[]}"
10_00010000000000001691,Bahawalpur District,11,0.05390373840309984,0.13126405165104985,2022,"{""type"":""MultiPoint"",""coordinates"":[]}"
10_00010000000000001692,Bhakkar District,11,0.11197895650722586,0.13766832711686405,2022,"{""type"":""MultiPoint"",""coordinates"":[]}"
10_00010000000000001693,Chakwal District,11,0.24528835673718777,0.23440224142771884,2022,"{""type"":""MultiPoint"",""coordinates"":[]}"
10_00010000000000001694,Dera Ghazi Khan District,11,0.0743360659817519,0.18456051348571736,2022,"{""type"":""MultiPoint"",""coordinates"":[]}"
10_00010000000000001695,Faisalabad District,11,0.17418018425496723,0.15254198724557594,2022,"{""type"":""MultiPoint"",""coordinates"":[]}"
10_00010000000000001696,Gujranwala District,11,0.2300929311198906,0.21198702715730747,2022,"{""type"":""MultiPoint"",""coordinates"":[]}"
10_00010000000000001697,Gujrat District,11,0.24181284170486209,0.22919166728765733,2022,"{""type"":""MultiPoint"",""coordinates"":[]}"
10_00010000000000001698,Hafizabad District,11,0.20890105391022074,0.17708342957337178,2022,"{""type"":""MultiPoint"",""coordinates"":[]}"
10_00010000000000001699,Jhang District,11,0.1680208011626612,0.1529828952329082,2022,"{""type"":""MultiPoint"",""coordinates"":[]}"
10_0001000000000000169a,Jhelum District,11,0.2389075666869506,0.22981257787129653,2022,"{""type"":""MultiPoint"",""coordinates"":[]}"
10_0001000000000000169b,Kasur District,11,0.1740512277912736,0.14914855608630218,2022,"{""type"":""MultiPoint"",""coordinates"":[]}"
10_0001000000000000169c,Khanewal District,11,0.14032149739589633,0.13555892022293095,2022,"{""type"":""MultiPoint"",""coordinates"":[]}"
10_0001000000000000169d,Khushab District,11,0.17978216082048754,0.17369925095895838,2022,"{""type"":""MultiPoint"",""coordinates"":[]}"
10_0001000000000000169e,Lahore District,11,0.1755852335528598,0.16452047866090477,2022,"{""type"":""MultiPoint"",""coordinates"":[]}"
10_0001000000000000169f,Layyah District,11,0.07181384130293754,0.10541204266461908,2022,"{""type"":""MultiPoint"",""coordinates"":[]}"
10_000100000000000016a0,Lodhran District,11,0.13314069886513608,0.13283302588350934,2022,"{""type"":""MultiPoint"",""coordinates"":[]}"
10_000100000000000016a1,Mandi Bahauddin District,11,0.21337726301531446,0.19875863564953558,2022,"{""type"":""MultiPoint"",""coordinates"":[]}"
10_000100000000000016a2,Mianwali District,11,0.18008011302082977,0.18061211956831064,2022,"{""type"":""MultiPoint"",""coordinates"":[]}"
10_000100000000000016a3,Multan District,11,0.13195882772475573,0.13341272930321466,2022,"{""type"":""MultiPoint"",""coordinates"":[]}"
10_000100000000000016a4,Muzaffargarh District,11,0.09542079809565447,0.1175679616722253,2022,"{""type"":""MultiPoint"",""coordinates"":[]}"
10_000100000000000016a5,Narowal District,11,0.26900895607043357,0.27088802126161177,2022,"{""type"":""MultiPoint"",""coordinates"":[]}"
10_000100000000000016a6,Okara District,11,0.15456593096684917,0.13730681667713696,2022,"{""type"":""MultiPoint"",""coordinates"":[]}"
10_000100000000000016a7,Pakpattan District,11,0.13616007131731075,0.13300144879096454,2022,"{""type"":""MultiPoint"",""coordinates"":[]}"
10_000100000000000016a8,Rahim Yar Khan District,11,0.073173556221913,0.128027943143131,2022,"{""type"":""MultiPoint"",""coordinates"":[]}"
10_000100000000000016a9,Rajanpur District,11,0.05418453406548724,0.17065616962677033,2022,"{""type"":""MultiPoint"",""coordinates"":[]}"
10_000100000000000016aa,Rawalpindi District,11,0.2660935101800668,0.25454729410693744,2022,"{""type"":""MultiPoint"",""coordinates"":[]}"
10_000100000000000016ab,Sahiwal District,11,0.1454775318218644,0.14104075454671722,2022,"{""type"":""MultiPoint"",""coordinates"":[]}"
10_000100000000000016ac,Sargodha District,11,0.20965578286038694,0.1831955812493055,2022,"{""type"":""MultiPoint"",""coordinates"":[]}"
10_000100000000000016ad,Sheikhupura District,11,0.1907794671677914,0.1607430431867438,2022,"{""type"":""MultiPoint"",""coordinates"":[]}"
10_000100000000000016ae,Sialkot District,11,0.2557935545389927,0.25091363281046225,2022,"{""type"":""MultiPoint"",""coordinates"":[]}"
10_000100000000000016af,Toba Tek Singh District,11,0.15874939794697515,0.14619478911646633,2022,"{""type"":""MultiPoint"",""coordinates"":[]}"
10_000100000000000016b0,Vehari District,11,0.13208938705473147,0.13263667057654618,2022,"{""type"":""MultiPoint"",""coordinates"":[]}"
11_0001000000000000168f,Attock District,12,0.1449326730769591,0.1796538193713493,2022,"{""type"":""MultiPoint"",""coordinates"":[]}"
11_00010000000000001690,Bahawalnagar District,12,0.0989424609552865,0.1290994499791303,2022,"{""type"":""MultiPoint"",""coordinates"":[]}"
11_00010000000000001691,Bahawalpur District,12,0.05337206339896392,0.1283902317064505,2022,"{""type"":""MultiPoint"",""coordinates"":[]}"
11_00010000000000001692,Bhakkar District,12,0.060145452484896944,0.12291317843843068,2022,"{""type"":""MultiPoint"",""coordinates"":[]}"
11_00010000000000001693,Chakwal District,12,0.18140722599052783,0.20843066638011262,2022,"{""type"":""MultiPoint"",""coordinates"":[]}"
11_00010000000000001694,Dera Ghazi Khan District,12,0.06144130213077236,0.17501056518185992,2022,"{""type"":""MultiPoint"",""coordinates"":[]}"
11_00010000000000001695,Faisalabad District,12,0.14548982781664052,0.1509020041863243,2022,"{""type"":""MultiPoint"",""coordinates"":[]}"
11_00010000000000001696,Gujranwala District,12,0.1647749081123094,0.18639057207443258,2022,"{""type"":""MultiPoint"",""coordinates"":[]}"
11_00010000000000001697,Gujrat District,12,0.1762069564748809,0.1996898076859018,2022,"{""type"":""MultiPoint"",""coordinates"":[]}"
11_00010000000000001698,Hafizabad District,12,0.15539070891337978,0.17106737067308278,2022,"{""type"":""MultiPoint"",""coordinates"":[]}"
11_00010000000000001699,Jhang District,12,0.13028160255406315,0.15038398215593501,2022,"{""type"":""MultiPoint"",""coordinates"":[]}"
11_0001000000000000169a,Jhelum District,12,0.18586715986210092,0.205068141617194,2022,"{""type"":""MultiPoint"",""coordinates"":[]}"
11_0001000000000000169b,Kasur District,12,0.13776424313995048,0.14507640037380576,2022,"{""type"":""MultiPoint"",""coordinates"":[]}"
11_0001000000000000169c,Khanewal District,12,0.13560933799886818,0.13584180258855236,2022,"{""type"":""MultiPoint"",""coordinates"":[]}"
11_0001000000000000169d,Khushab District,12,0.11699629355341597,0.15880989504976742,2022,"{""type"":""MultiPoint"",""coordinates"":[]}"
11_0001000000000000169e,Lahore District,12,0.13594985833202988,0.15822953509282703,2022,"{""type"":""MultiPoint"",""coordinates"":[]}"
11_0001000000000000169f,Layyah District,12,0.06044097833204812,0.1025683749003643,2022,"{""type"":""MultiPoint"",""coordinates"":[]}"
11_000100000000000016a0,Lodhran District,12,0.12633937708724652,0.1328011077080951,2022,"{""type"":""MultiPoint"",""coordinates"":[]}"
11_000100000000000016a1,Mandi Bahauddin District,12,0.16237018434212142,0.18534244723446014,2022,"{""type"":""MultiPoint"",""coordinates"":[]}"
11_000100000000000016a2,Mianwali District,12,0.11553605684742291,0.16758618433864816,2022,"{""type"":""MultiPoint"",""coordinates"":[]}"
11_000100000000000016a3,Multan District,12,0.13183920288931644,0.13355883168914492,2022,"{""type"":""MultiPoint"",""coordinates"":[]}"
11_000100000000000016a4,Muzaffargarh District,12,0.09897184115471348,0.11609171998856642,2022,"{""type"":""MultiPoint"",""coordinates"":[]}"
11_000100000000000016a5,Narowal District,12,0.20569174963280593,0.22794538626986466,2022,"{""type"":""MultiPoint"",""coordinates"":[]}"
11_000100000000000016a6,Okara District,12,0.13166130476678714,0.13615738972584934,2022,"{""type"":""MultiPoint"",""coordinates"":[]}"
11_000100000000000016a7,Pakpattan District,12,0.12962979467147703,0.1329564651006608,2022,"{""type"":""MultiPoint"",""coordinates"":[]}"
11_000100000000000016a8,Rahim Yar Khan District,12,0.07319522067383273,0.12554936539971925,2022,"{""type"":""MultiPoint"",""coordinates"":[]}"
11_000100000000000016a9,Rajanpur District,12,0.05806493965551753,0.16380328026380608,2022,"{""type"":""MultiPoint"",""coordinates"":[]}"
11_000100000000000016aa,Rawalpindi District,12,0.20122549665825906,0.23507926640223592,2022,"{""type"":""MultiPoint"",""coordinates"":[]}"
11_000100000000000016ab,Sahiwal District,12,0.13882201558686114,0.14097599045983436,2022,"{""type"":""MultiPoint"",""coordinates"":[]}"
11_000100000000000016ac,Sargodha District,12,0.15700670824846474,0.1753267120718783,2022,"{""type"":""MultiPoint"",""coordinates"":[]}"
11_000100000000000016ad,Sheikhupura District,12,0.143519782493648,0.1540371590072,2022,"{""type"":""MultiPoint"",""coordinates"":[]}"
11_000100000000000016ae,Sialkot District,12,0.18803407827234786,0.21275991288033205,2022,"{""type"":""MultiPoint"",""coordinates"":[]}"
11_000100000000000016af,Toba Tek Singh District,12,0.1431033264416322,0.1457234354701173,2022,"{""type"":""MultiPoint"",""coordinates"":[]}"
11_000100000000000016b0,Vehari District,12,0.12765906171350969,0.13261533005711057,2022,"{""type"":""MultiPoint"",""coordinates"":[]}"
