system:index,Temperature_C,district,month,year,.geo
0_0001000000000000168f,10.209513627819101,Attock District,1,2026,"{""type"":""MultiPoint"",""coordinates"":[]}"
0_00010000000000001690,12.517011615776688,Bahawalnagar District,1,2026,"{""type"":""MultiPoint"",""coordinates"":[]}"
0_00010000000000001691,13.123661061185969,Bahawalpur District,1,2026,"{""type"":""MultiPoint"",""coordinates"":[]}"
0_00010000000000001692,12.24102770428102,Bhakkar District,1,2026,"{""type"":""MultiPoint"",""coordinates"":[]}"
0_00010000000000001693,10.614102930650153,Chakwal District,1,2026,"{""type"":""MultiPoint"",""coordinates"":[]}"
0_00010000000000001694,11.930741477607437,Dera Ghazi Khan District,1,2026,"{""type"":""MultiPoint"",""coordinates"":[]}"
0_00010000000000001695,11.87599140020767,Faisalabad District,1,2026,"{""type"":""MultiPoint"",""coordinates"":[]}"
0_00010000000000001696,11.442650842024056,Gujranwala District,1,2026,"{""type"":""MultiPoint"",""coordinates"":[]}"
0_00010000000000001697,11.328224764216838,Gujrat District,1,2026,"{""type"":""MultiPoint"",""coordinates"":[]}"
0_00010000000000001698,11.672475658732896,Hafizabad District,1,2026,"{""type"":""MultiPoint"",""coordinates"":[]}"
0_00010000000000001699,12.281856165483081,Jhang District,1,2026,"{""type"":""MultiPoint"",""coordinates"":[]}"
0_0001000000000000169a,11.029540805509352,Jhelum District,1,2026,"{""type"":""MultiPoint"",""coordinates"":[]}"
0_0001000000000000169b,11.473651355070977,Kasur District,1,2026,"{""type"":""MultiPoint"",""coordinates"":[]}"
0_0001000000000000169c,12.537358242147175,Khanewal District,1,2026,"{""type"":""MultiPoint"",""coordinates"":[]}"
0_0001000000000000169d,11.542623342772497,Khushab District,1,2026,"{""type"":""MultiPoint"",""coordinates"":[]}"
0_0001000000000000169e,11.237556377693885,Lahore District,1,2026,"{""type"":""MultiPoint"",""coordinates"":[]}"
0_0001000000000000169f,12.530780744924325,Layyah District,1,2026,"{""type"":""MultiPoint"",""coordinates"":[]}"
0_000100000000000016a0,12.816395275243424,Lodhran District,1,2026,"{""type"":""MultiPoint"",""coordinates"":[]}"
0_000100000000000016a1,11.584352247060016,Mandi Bahauddin District,1,2026,"{""type"":""MultiPoint"",""coordinates"":[]}"
0_000100000000000016a2,11.808817520612905,Mianwali District,1,2026,"{""type"":""MultiPoint"",""coordinates"":[]}"
0_000100000000000016a3,12.87990819270391,Multan District,1,2026,"{""type"":""MultiPoint"",""coordinates"":[]}"
0_000100000000000016a4,12.869993032702634,Muzaffargarh District,1,2026,"{""type"":""MultiPoint"",""coordinates"":[]}"
0_000100000000000016a5,11.169374982601312,Narowal District,1,2026,"{""type"":""MultiPoint"",""coordinates"":[]}"
0_000100000000000016a6,11.867963011201875,Okara District,1,2026,"{""type"":""MultiPoint"",""coordinates"":[]}"
0_000100000000000016a7,12.172145248341298,Pakpattan District,1,2026,"{""type"":""MultiPoint"",""coordinates"":[]}"
0_000100000000000016a8,13.672168694128741,Rahim Yar Khan District,1,2026,"{""type"":""MultiPoint"",""coordinates"":[]}"
0_000100000000000016a9,13.13433402056171,Rajanpur District,1,2026,"{""type"":""MultiPoint"",""coordinates"":[]}"
0_000100000000000016aa,9.377259341937723,Rawalpindi District,1,2026,"{""type"":""MultiPoint"",""coordinates"":[]}"
0_000100000000000016ab,12.112645102086399,Sahiwal District,1,2026,"{""type"":""MultiPoint"",""coordinates"":[]}"
0_000100000000000016ac,11.828959629839892,Sargodha District,1,2026,"{""type"":""MultiPoint"",""coordinates"":[]}"
0_000100000000000016ad,11.517634471168735,Sheikhupura District,1,2026,"{""type"":""MultiPoint"",""coordinates"":[]}"
0_000100000000000016ae,11.300203745826652,Sialkot District,1,2026,"{""type"":""MultiPoint"",""coordinates"":[]}"
0_000100000000000016af,12.159637280922352,Toba Tek Singh District,1,2026,"{""type"":""MultiPoint"",""coordinates"":[]}"
0_000100000000000016b0,12.534829354933036,Vehari District,1,2026,"{""type"":""MultiPoint"",""coordinates"":[]}"
1_0001000000000000168f,15.205726498513826,Attock District,2,2026,"{""type"":""MultiPoint"",""coordinates"":[]}"
1_00010000000000001690,19.543351464125628,Bahawalnagar District,2,2026,"{""type"":""MultiPoint"",""coordinates"":[]}"
1_00010000000000001691,20.713803512118286,Bahawalpur District,2,2026,"{""type"":""MultiPoint"",""coordinates"":[]}"
1_00010000000000001692,18.80452096552454,Bhakkar District,2,2026,"{""type"":""MultiPoint"",""coordinates"":[]}"
1_00010000000000001693,16.120266115905576,Chakwal District,2,2026,"{""type"":""MultiPoint"",""coordinates"":[]}"
1_00010000000000001694,18.230822729492427,Dera Ghazi Khan District,2,2026,"{""type"":""MultiPoint"",""coordinates"":[]}"
1_00010000000000001695,18.11969604902802,Faisalabad District,2,2026,"{""type"":""MultiPoint"",""coordinates"":[]}"
1_00010000000000001696,17.295873599902002,Gujranwala District,2,2026,"{""type"":""MultiPoint"",""coordinates"":[]}"
1_00010000000000001697,16.53839773746864,Gujrat District,2,2026,"{""type"":""MultiPoint"",""coordinates"":[]}"
1_00010000000000001698,17.74191223893448,Hafizabad District,2,2026,"{""type"":""MultiPoint"",""coordinates"":[]}"
1_00010000000000001699,18.629725844620573,Jhang District,2,2026,"{""type"":""MultiPoint"",""coordinates"":[]}"
1_0001000000000000169a,16.25216110421067,Jhelum District,2,2026,"{""type"":""MultiPoint"",""coordinates"":[]}"
1_0001000000000000169b,17.713442246460254,Kasur District,2,2026,"{""type"":""MultiPoint"",""coordinates"":[]}"
1_0001000000000000169c,18.9643617223946,Khanewal District,2,2026,"{""type"":""MultiPoint"",""coordinates"":[]}"
1_0001000000000000169d,17.627705093331617,Khushab District,2,2026,"{""type"":""MultiPoint"",""coordinates"":[]}"
1_0001000000000000169e,17.26796345326964,Lahore District,2,2026,"{""type"":""MultiPoint"",""coordinates"":[]}"
1_0001000000000000169f,19.170689584496102,Layyah District,2,2026,"{""type"":""MultiPoint"",""coordinates"":[]}"
1_000100000000000016a0,19.32253012012481,Lodhran District,2,2026,"{""type"":""MultiPoint"",""coordinates"":[]}"
1_000100000000000016a1,17.20502345396659,Mandi Bahauddin District,2,2026,"{""type"":""MultiPoint"",""coordinates"":[]}"
1_000100000000000016a2,17.25846599957624,Mianwali District,2,2026,"{""type"":""MultiPoint"",""coordinates"":[]}"
1_000100000000000016a3,19.3440424271126,Multan District,2,2026,"{""type"":""MultiPoint"",""coordinates"":[]}"
1_000100000000000016a4,19.40201793813139,Muzaffargarh District,2,2026,"{""type"":""MultiPoint"",""coordinates"":[]}"
1_000100000000000016a5,16.17870990520429,Narowal District,2,2026,"{""type"":""MultiPoint"",""coordinates"":[]}"
1_000100000000000016a6,18.15830902930957,Okara District,2,2026,"{""type"":""MultiPoint"",""coordinates"":[]}"
1_000100000000000016a7,18.474784143783815,Pakpattan District,2,2026,"{""type"":""MultiPoint"",""coordinates"":[]}"
1_000100000000000016a8,20.68718597903705,Rahim Yar Khan District,2,2026,"{""type"":""MultiPoint"",""coordinates"":[]}"
1_000100000000000016a9,20.136528001691644,Rajanpur District,2,2026,"{""type"":""MultiPoint"",""coordinates"":[]}"
1_000100000000000016aa,13.994022095285677,Rawalpindi District,2,2026,"{""type"":""MultiPoint"",""coordinates"":[]}"
1_000100000000000016ab,18.458107576505505,Sahiwal District,2,2026,"{""type"":""MultiPoint"",""coordinates"":[]}"
1_000100000000000016ac,17.694999359926502,Sargodha District,2,2026,"{""type"":""MultiPoint"",""coordinates"":[]}"
1_000100000000000016ad,17.606374351943206,Sheikhupura District,2,2026,"{""type"":""MultiPoint"",""coordinates"":[]}"
1_000100000000000016ae,16.219799643582203,Sialkot District,2,2026,"{""type"":""MultiPoint"",""coordinates"":[]}"
1_000100000000000016af,18.4520853779474,Toba Tek Singh District,2,2026,"{""type"":""MultiPoint"",""coordinates"":[]}"
1_000100000000000016b0,19.02576589609566,Vehari District,2,2026,"{""type"":""MultiPoint"",""coordinates"":[]}"
2_0001000000000000168f,19.724104159035402,Attock District,3,2026,"{""type"":""MultiPoint"",""coordinates"":[]}"
2_00010000000000001690,24.721272556385475,Bahawalnagar District,3,2026,"{""type"":""MultiPoint"",""coordinates"":[]}"
2_00010000000000001691,25.992797115746477,Bahawalpur District,3,2026,"{""type"":""MultiPoint"",""coordinates"":[]}"
2_00010000000000001692,22.963245990678505,Bhakkar District,3,2026,"{""type"":""MultiPoint"",""coordinates"":[]}"
2_00010000000000001693,20.172353824020366,Chakwal District,3,2026,"{""type"":""MultiPoint"",""coordinates"":[]}"
2_00010000000000001694,22.214759834633977,Dera Ghazi Khan District,3,2026,"{""type"":""MultiPoint"",""coordinates"":[]}"
2_00010000000000001695,22.642227981634647,Faisalabad District,3,2026,"{""type"":""MultiPoint"",""coordinates"":[]}"
2_00010000000000001696,22.293070762261507,Gujranwala District,3,2026,"{""type"":""MultiPoint"",""coordinates"":[]}"
2_00010000000000001697,21.719630916131397,Gujrat District,3,2026,"{""type"":""MultiPoint"",""coordinates"":[]}"
2_00010000000000001698,22.392458151391697,Hafizabad District,3,2026,"{""type"":""MultiPoint"",""coordinates"":[]}"
2_00010000000000001699,22.99172487741134,Jhang District,3,2026,"{""type"":""MultiPoint"",""coordinates"":[]}"
2_0001000000000000169a,21.129461605588464,Jhelum District,3,2026,"{""type"":""MultiPoint"",""coordinates"":[]}"
2_0001000000000000169b,22.499287311060428,Kasur District,3,2026,"{""type"":""MultiPoint"",""coordinates"":[]}"
2_0001000000000000169c,23.9042078691783,Khanewal District,3,2026,"{""type"":""MultiPoint"",""coordinates"":[]}"
2_0001000000000000169d,21.710719071225697,Khushab District,3,2026,"{""type"":""MultiPoint"",""coordinates"":[]}"
2_0001000000000000169e,21.997228248664364,Lahore District,3,2026,"{""type"":""MultiPoint"",""coordinates"":[]}"
2_0001000000000000169f,23.620724668122758,Layyah District,3,2026,"{""type"":""MultiPoint"",""coordinates"":[]}"
2_000100000000000016a0,24.53262126579625,Lodhran District,3,2026,"{""type"":""MultiPoint"",""coordinates"":[]}"
2_000100000000000016a1,22.168058737948854,Mandi Bahauddin District,3,2026,"{""type"":""MultiPoint"",""coordinates"":[]}"
2_000100000000000016a2,21.05589442177844,Mianwali District,3,2026,"{""type"":""MultiPoint"",""coordinates"":[]}"
2_000100000000000016a3,24.526273277900263,Multan District,3,2026,"{""type"":""MultiPoint"",""coordinates"":[]}"
2_000100000000000016a4,24.371220838563598,Muzaffargarh District,3,2026,"{""type"":""MultiPoint"",""coordinates"":[]}"
2_000100000000000016a5,20.948347657949682,Narowal District,3,2026,"{""type"":""MultiPoint"",""coordinates"":[]}"
2_000100000000000016a6,23.129891619570266,Okara District,3,2026,"{""type"":""MultiPoint"",""coordinates"":[]}"
2_000100000000000016a7,23.614657051658092,Pakpattan District,3,2026,"{""type"":""MultiPoint"",""coordinates"":[]}"
2_000100000000000016a8,25.91825092159079,Rahim Yar Khan District,3,2026,"{""type"":""MultiPoint"",""coordinates"":[]}"
2_000100000000000016a9,24.853094500164236,Rajanpur District,3,2026,"{""type"":""MultiPoint"",""coordinates"":[]}"
2_000100000000000016aa,18.90843417157964,Rawalpindi District,3,2026,"{""type"":""MultiPoint"",""coordinates"":[]}"
2_000100000000000016ab,23.392773301199387,Sahiwal District,3,2026,"{""type"":""MultiPoint"",""coordinates"":[]}"
2_000100000000000016ac,22.215114571793677,Sargodha District,3,2026,"{""type"":""MultiPoint"",""coordinates"":[]}"
2_000100000000000016ad,22.247782354658316,Sheikhupura District,3,2026,"{""type"":""MultiPoint"",""coordinates"":[]}"
2_000100000000000016ae,21.251701634753974,Sialkot District,3,2026,"{""type"":""MultiPoint"",""coordinates"":[]}"
2_000100000000000016af,23.036700223321173,Toba Tek Singh District,3,2026,"{""type"":""MultiPoint"",""coordinates"":[]}"
2_000100000000000016b0,24.129307978121282,Vehari District,3,2026,"{""type"":""MultiPoint"",""coordinates"":[]}"
3_0001000000000000168f,22.395170619385,Attock District,4,2026,"{""type"":""MultiPoint"",""coordinates"":[]}"
3_00010000000000001690,28.67394577832603,Bahawalnagar District,4,2026,"{""type"":""MultiPoint"",""coordinates"":[]}"
3_00010000000000001691,29.641183548643987,Bahawalpur District,4,2026,"{""type"":""MultiPoint"",""coordinates"":[]}"
3_00010000000000001692,25.37661051055368,Bhakkar District,4,2026,"{""type"":""MultiPoint"",""coordinates"":[]}"
3_00010000000000001693,22.757526464736333,Chakwal District,4,2026,"{""type"":""MultiPoint"",""coordinates"":[]}"
3_00010000000000001694,24.382962680076705,Dera Ghazi Khan District,4,2026,"{""type"":""MultiPoint"",""coordinates"":[]}"
3_00010000000000001695,26.587335258506766,Faisalabad District,4,2026,"{""type"":""MultiPoint"",""coordinates"":[]}"
3_00010000000000001696,25.81100127400117,Gujranwala District,4,2026,"{""type"":""MultiPoint"",""coordinates"":[]}"
3_00010000000000001697,24.413869583981878,Gujrat District,4,2026,"{""type"":""MultiPoint"",""coordinates"":[]}"
3_00010000000000001698,25.816132592343557,Hafizabad District,4,2026,"{""type"":""MultiPoint"",""coordinates"":[]}"
3_00010000000000001699,26.417698446453237,Jhang District,4,2026,"{""type"":""MultiPoint"",""coordinates"":[]}"
3_0001000000000000169a,23.70340763429879,Jhelum District,4,2026,"{""type"":""MultiPoint"",""coordinates"":[]}"
3_0001000000000000169b,27.039818300358895,Kasur District,4,2026,"{""type"":""MultiPoint"",""coordinates"":[]}"
3_0001000000000000169c,28.00735850367364,Khanewal District,4,2026,"{""type"":""MultiPoint"",""coordinates"":[]}"
3_0001000000000000169d,24.380570965347577,Khushab District,4,2026,"{""type"":""MultiPoint"",""coordinates"":[]}"
3_0001000000000000169e,26.4389909273765,Lahore District,4,2026,"{""type"":""MultiPoint"",""coordinates"":[]}"
3_0001000000000000169f,26.23104123319503,Layyah District,4,2026,"{""type"":""MultiPoint"",""coordinates"":[]}"
3_000100000000000016a0,28.555907947803306,Lodhran District,4,2026,"{""type"":""MultiPoint"",""coordinates"":[]}"
3_000100000000000016a1,25.213234852253155,Mandi Bahauddin District,4,2026,"{""type"":""MultiPoint"",""coordinates"":[]}"
3_000100000000000016a2,23.804492960088936,Mianwali District,4,2026,"{""type"":""MultiPoint"",""coordinates"":[]}"
3_000100000000000016a3,28.228802021067096,Multan District,4,2026,"{""type"":""MultiPoint"",""coordinates"":[]}"
3_000100000000000016a4,27.512749317825225,Muzaffargarh District,4,2026,"{""type"":""MultiPoint"",""coordinates"":[]}"
3_000100000000000016a5,24.232511127197974,Narowal District,4,2026,"{""type"":""MultiPoint"",""coordinates"":[]}"
3_000100000000000016a6,27.532876465633592,Okara District,4,2026,"{""type"":""MultiPoint"",""coordinates"":[]}"
3_000100000000000016a7,28.056387272347266,Pakpattan District,4,2026,"{""type"":""MultiPoint"",""coordinates"":[]}"
3_000100000000000016a8,29.25116004837396,Rahim Yar Khan District,4,2026,"{""type"":""MultiPoint"",""coordinates"":[]}"
3_000100000000000016a9,27.56011035767724,Rajanpur District,4,2026,"{""type"":""MultiPoint"",""coordinates"":[]}"
3_000100000000000016aa,21.51708306869366,Rawalpindi District,4,2026,"{""type"":""MultiPoint"",""coordinates"":[]}"
3_000100000000000016ab,27.796836354105153,Sahiwal District,4,2026,"{""type"":""MultiPoint"",""coordinates"":[]}"
3_000100000000000016ac,25.291335058726986,Sargodha District,4,2026,"{""type"":""MultiPoint"",""coordinates"":[]}"
3_000100000000000016ad,26.234821749780295,Sheikhupura District,4,2026,"{""type"":""MultiPoint"",""coordinates"":[]}"
3_000100000000000016ae,24.397513352891533,Sialkot District,4,2026,"{""type"":""MultiPoint"",""coordinates"":[]}"
3_000100000000000016af,27.144413783306067,Toba Tek Singh District,4,2026,"{""type"":""MultiPoint"",""coordinates"":[]}"
3_000100000000000016b0,28.325363036553806,Vehari District,4,2026,"{""type"":""MultiPoint"",""coordinates"":[]}"
4_0001000000000000168f,28.723202004061655,Attock District,5,2026,"{""type"":""MultiPoint"",""coordinates"":[]}"
4_00010000000000001690,33.91744456478826,Bahawalnagar District,5,2026,"{""type"":""MultiPoint"",""coordinates"":[]}"
4_00010000000000001691,35.471575671000494,Bahawalpur District,5,2026,"{""type"":""MultiPoint"",""coordinates"":[]}"
4_00010000000000001692,32.67809098679139,Bhakkar District,5,2026,"{""type"":""MultiPoint"",""coordinates"":[]}"
4_00010000000000001693,28.790194077534125,Chakwal District,5,2026,"{""type"":""MultiPoint"",""coordinates"":[]}"
4_00010000000000001694,31.84453640841588,Dera Ghazi Khan District,5,2026,"{""type"":""MultiPoint"",""coordinates"":[]}"
4_00010000000000001695,32.45698413396386,Faisalabad District,5,2026,"{""type"":""MultiPoint"",""coordinates"":[]}"
4_00010000000000001696,31.468230775207825,Gujranwala District,5,2026,"{""type"":""MultiPoint"",""coordinates"":[]}"
4_00010000000000001697,30.280661503884172,Gujrat District,5,2026,"{""type"":""MultiPoint"",""coordinates"":[]}"
4_00010000000000001698,31.903635296286204,Hafizabad District,5,2026,"{""type"":""MultiPoint"",""coordinates"":[]}"
4_00010000000000001699,32.88635016716849,Jhang District,5,2026,"{""type"":""MultiPoint"",""coordinates"":[]}"
4_0001000000000000169a,29.796748413200934,Jhelum District,5,2026,"{""type"":""MultiPoint"",""coordinates"":[]}"
4_0001000000000000169b,32.17999001797777,Kasur District,5,2026,"{""type"":""MultiPoint"",""coordinates"":[]}"
4_0001000000000000169c,33.74175904603041,Khanewal District,5,2026,"{""type"":""MultiPoint"",""coordinates"":[]}"
4_0001000000000000169d,31.176233211955438,Khushab District,5,2026,"{""type"":""MultiPoint"",""coordinates"":[]}"
4_0001000000000000169e,31.72779358296274,Lahore District,5,2026,"{""type"":""MultiPoint"",""coordinates"":[]}"
4_0001000000000000169f,33.5165721962998,Layyah District,5,2026,"{""type"":""MultiPoint"",""coordinates"":[]}"
4_000100000000000016a0,34.053900737785234,Lodhran District,5,2026,"{""type"":""MultiPoint"",""coordinates"":[]}"
4_000100000000000016a1,31.44901935675309,Mandi Bahauddin District,5,2026,"{""type"":""MultiPoint"",""coordinates"":[]}"
4_000100000000000016a2,30.371548290859263,Mianwali District,5,2026,"{""type"":""MultiPoint"",""coordinates"":[]}"
4_000100000000000016a3,34.156783882198184,Multan District,5,2026,"{""type"":""MultiPoint"",""coordinates"":[]}"
4_000100000000000016a4,33.89730164107514,Muzaffargarh District,5,2026,"{""type"":""MultiPoint"",""coordinates"":[]}"
4_000100000000000016a5,29.40096409914452,Narowal District,5,2026,"{""type"":""MultiPoint"",""coordinates"":[]}"
4_000100000000000016a6,32.752408519654814,Okara District,5,2026,"{""type"":""MultiPoint"",""coordinates"":[]}"
4_000100000000000016a7,33.27200695050215,Pakpattan District,5,2026,"{""type"":""MultiPoint"",""coordinates"":[]}"
4_000100000000000016a8,35.29018003279987,Rahim Yar Khan District,5,2026,"{""type"":""MultiPoint"",""coordinates"":[]}"
4_000100000000000016a9,34.151493961985,Rajanpur District,5,2026,"{""type"":""MultiPoint"",""coordinates"":[]}"
4_000100000000000016aa,27.555388540166053,Rawalpindi District,5,2026,"{""type"":""MultiPoint"",""coordinates"":[]}"
4_000100000000000016ab,33.2126429957586,Sahiwal District,5,2026,"{""type"":""MultiPoint"",""coordinates"":[]}"
4_000100000000000016ac,31.638996795286356,Sargodha District,5,2026,"{""type"":""MultiPoint"",""coordinates"":[]}"
4_000100000000000016ad,31.889383820105998,Sheikhupura District,5,2026,"{""type"":""MultiPoint"",""coordinates"":[]}"
4_000100000000000016ae,29.975953582420207,Sialkot District,5,2026,"{""type"":""MultiPoint"",""coordinates"":[]}"
4_000100000000000016af,33.04861957805471,Toba Tek Singh District,5,2026,"{""type"":""MultiPoint"",""coordinates"":[]}"
4_000100000000000016b0,33.63569992220307,Vehari District,5,2026,"{""type"":""MultiPoint"",""coordinates"":[]}"
5_0001000000000000168f,32.18883650107888,Attock District,6,2026,"{""type"":""MultiPoint"",""coordinates"":[]}"
5_00010000000000001690,35.06140750020572,Bahawalnagar District,6,2026,"{""type"":""MultiPoint"",""coordinates"":[]}"
5_00010000000000001691,36.45877255114628,Bahawalpur District,6,2026,"{""type"":""MultiPoint"",""coordinates"":[]}"
5_00010000000000001692,35.00269753908137,Bhakkar District,6,2026,"{""type"":""MultiPoint"",""coordinates"":[]}"
5_00010000000000001693,31.748895319082617,Chakwal District,6,2026,"{""type"":""MultiPoint"",""coordinates"":[]}"
5_00010000000000001694,33.38245863319134,Dera Ghazi Khan District,6,2026,"{""type"":""MultiPoint"",""coordinates"":[]}"
5_00010000000000001695,33.7642369806336,Faisalabad District,6,2026,"{""type"":""MultiPoint"",""coordinates"":[]}"
5_00010000000000001696,33.48099424965449,Gujranwala District,6,2026,"{""type"":""MultiPoint"",""coordinates"":[]}"
5_00010000000000001697,32.688799731951704,Gujrat District,6,2026,"{""type"":""MultiPoint"",""coordinates"":[]}"
5_00010000000000001698,33.88979102324425,Hafizabad District,6,2026,"{""type"":""MultiPoint"",""coordinates"":[]}"
5_00010000000000001699,34.48230844170088,Jhang District,6,2026,"{""type"":""MultiPoint"",""coordinates"":[]}"
5_0001000000000000169a,32.42285705565663,Jhelum District,6,2026,"{""type"":""MultiPoint"",""coordinates"":[]}"
5_0001000000000000169b,33.33058109041757,Kasur District,6,2026,"{""type"":""MultiPoint"",""coordinates"":[]}"
5_0001000000000000169c,34.949772356357265,Khanewal District,6,2026,"{""type"":""MultiPoint"",""coordinates"":[]}"
5_0001000000000000169d,33.469175192992836,Khushab District,6,2026,"{""type"":""MultiPoint"",""coordinates"":[]}"
5_0001000000000000169e,33.00584409771257,Lahore District,6,2026,"{""type"":""MultiPoint"",""coordinates"":[]}"
5_0001000000000000169f,35.47386450761887,Layyah District,6,2026,"{""type"":""MultiPoint"",""coordinates"":[]}"
5_000100000000000016a0,35.17277688209,Lodhran District,6,2026,"{""type"":""MultiPoint"",""coordinates"":[]}"
5_000100000000000016a1,33.66778086586467,Mandi Bahauddin District,6,2026,"{""type"":""MultiPoint"",""coordinates"":[]}"
5_000100000000000016a2,33.21532039633318,Mianwali District,6,2026,"{""type"":""MultiPoint"",""coordinates"":[]}"
5_000100000000000016a3,35.379915716701895,Multan District,6,2026,"{""type"":""MultiPoint"",""coordinates"":[]}"
5_000100000000000016a4,35.339519526868266,Muzaffargarh District,6,2026,"{""type"":""MultiPoint"",""coordinates"":[]}"
5_000100000000000016a5,31.489446874584175,Narowal District,6,2026,"{""type"":""MultiPoint"",""coordinates"":[]}"
5_000100000000000016a6,33.77748411541817,Okara District,6,2026,"{""type"":""MultiPoint"",""coordinates"":[]}"
5_000100000000000016a7,34.17387825948342,Pakpattan District,6,2026,"{""type"":""MultiPoint"",""coordinates"":[]}"
5_000100000000000016a8,36.05220529460167,Rahim Yar Khan District,6,2026,"{""type"":""MultiPoint"",""coordinates"":[]}"
5_000100000000000016a9,35.19816510747525,Rajanpur District,6,2026,"{""type"":""MultiPoint"",""coordinates"":[]}"
5_000100000000000016aa,30.49758110659878,Rawalpindi District,6,2026,"{""type"":""MultiPoint"",""coordinates"":[]}"
5_000100000000000016ab,34.158351660575455,Sahiwal District,6,2026,"{""type"":""MultiPoint"",""coordinates"":[]}"
5_000100000000000016ac,33.69635210749825,Sargodha District,6,2026,"{""type"":""MultiPoint"",""coordinates"":[]}"
5_000100000000000016ad,33.485125661302426,Sheikhupura District,6,2026,"{""type"":""MultiPoint"",""coordinates"":[]}"
5_000100000000000016ae,32.21750210627394,Sialkot District,6,2026,"{""type"":""MultiPoint"",""coordinates"":[]}"
5_000100000000000016af,34.19133881879191,Toba Tek Singh District,6,2026,"{""type"":""MultiPoint"",""coordinates"":[]}"
5_000100000000000016b0,34.79373286346535,Vehari District,6,2026,"{""type"":""MultiPoint"",""coordinates"":[]}"
6_0001000000000000168f,30.94436828459192,Attock District,7,2026,"{""type"":""MultiPoint"",""coordinates"":[]}"
6_00010000000000001690,34.446169386226984,Bahawalnagar District,7,2026,"{""type"":""MultiPoint"",""coordinates"":[]}"
6_00010000000000001691,35.57356654495015,Bahawalpur District,7,2026,"{""type"":""MultiPoint"",""coordinates"":[]}"
6_00010000000000001692,34.71536482138064,Bhakkar District,7,2026,"{""type"":""MultiPoint"",""coordinates"":[]}"
6_00010000000000001693,30.709328616490566,Chakwal District,7,2026,"{""type"":""MultiPoint"",""coordinates"":[]}"
6_00010000000000001694,33.13897249641547,Dera Ghazi Khan District,7,2026,"{""type"":""MultiPoint"",""coordinates"":[]}"
6_00010000000000001695,33.07711595889616,Faisalabad District,7,2026,"{""type"":""MultiPoint"",""coordinates"":[]}"
6_00010000000000001696,31.53948700500074,Gujranwala District,7,2026,"{""type"":""MultiPoint"",""coordinates"":[]}"
6_00010000000000001697,30.774473657508345,Gujrat District,7,2026,"{""type"":""MultiPoint"",""coordinates"":[]}"
6_00010000000000001698,32.44010630285489,Hafizabad District,7,2026,"{""type"":""MultiPoint"",""coordinates"":[]}"
6_00010000000000001699,34.04806504971162,Jhang District,7,2026,"{""type"":""MultiPoint"",""coordinates"":[]}"
6_0001000000000000169a,30.84495122128468,Jhelum District,7,2026,"{""type"":""MultiPoint"",""coordinates"":[]}"
6_0001000000000000169b,32.1875755200717,Kasur District,7,2026,"{""type"":""MultiPoint"",""coordinates"":[]}"
6_0001000000000000169c,34.422521997459754,Khanewal District,7,2026,"{""type"":""MultiPoint"",""coordinates"":[]}"
6_0001000000000000169d,32.808521506845295,Khushab District,7,2026,"{""type"":""MultiPoint"",""coordinates"":[]}"
6_0001000000000000169e,31.546357885635196,Lahore District,7,2026,"{""type"":""MultiPoint"",""coordinates"":[]}"
6_0001000000000000169f,35.11574398585722,Layyah District,7,2026,"{""type"":""MultiPoint"",""coordinates"":[]}"
6_000100000000000016a0,34.72222709884196,Lodhran District,7,2026,"{""type"":""MultiPoint"",""coordinates"":[]}"
6_000100000000000016a1,32.06174951624206,Mandi Bahauddin District,7,2026,"{""type"":""MultiPoint"",""coordinates"":[]}"
6_000100000000000016a2,32.82738925573404,Mianwali District,7,2026,"{""type"":""MultiPoint"",""coordinates"":[]}"
6_000100000000000016a3,34.868470092389806,Multan District,7,2026,"{""type"":""MultiPoint"",""coordinates"":[]}"
6_000100000000000016a4,35.03654764143957,Muzaffargarh District,7,2026,"{""type"":""MultiPoint"",""coordinates"":[]}"
6_000100000000000016a5,29.990036204940736,Narowal District,7,2026,"{""type"":""MultiPoint"",""coordinates"":[]}"
6_000100000000000016a6,32.99053459445859,Okara District,7,2026,"{""type"":""MultiPoint"",""coordinates"":[]}"
6_000100000000000016a7,33.62073917975357,Pakpattan District,7,2026,"{""type"":""MultiPoint"",""coordinates"":[]}"
6_000100000000000016a8,35.28377041846962,Rahim Yar Khan District,7,2026,"{""type"":""MultiPoint"",""coordinates"":[]}"
6_000100000000000016a9,34.76054492895599,Rajanpur District,7,2026,"{""type"":""MultiPoint"",""coordinates"":[]}"
6_000100000000000016aa,29.0598508265239,Rawalpindi District,7,2026,"{""type"":""MultiPoint"",""coordinates"":[]}"
6_000100000000000016ab,33.65911910057056,Sahiwal District,7,2026,"{""type"":""MultiPoint"",""coordinates"":[]}"
6_000100000000000016ac,33.009329966421966,Sargodha District,7,2026,"{""type"":""MultiPoint"",""coordinates"":[]}"
6_000100000000000016ad,32.12434427414679,Sheikhupura District,7,2026,"{""type"":""MultiPoint"",""coordinates"":[]}"
6_000100000000000016ae,30.49507445940345,Sialkot District,7,2026,"{""type"":""MultiPoint"",""coordinates"":[]}"
6_000100000000000016af,33.850362291399,Toba Tek Singh District,7,2026,"{""type"":""MultiPoint"",""coordinates"":[]}"
6_000100000000000016b0,34.311078821066566,Vehari District,7,2026,"{""type"":""MultiPoint"",""coordinates"":[]}"
7_0001000000000000168f,30.916372030034882,Attock District,8,2026,"{""type"":""MultiPoint"",""coordinates"":[]}"
7_00010000000000001690,33.06289044684835,Bahawalnagar District,8,2026,"{""type"":""MultiPoint"",""coordinates"":[]}"
7_00010000000000001691,34.335923829188864,Bahawalpur District,8,2026,"{""type"":""MultiPoint"",""coordinates"":[]}"
7_00010000000000001692,34.57295682679057,Bhakkar District,8,2026,"{""type"":""MultiPoint"",""coordinates"":[]}"
7_00010000000000001693,30.187046889611704,Chakwal District,8,2026,"{""type"":""MultiPoint"",""coordinates"":[]}"
7_00010000000000001694,32.77537680327038,Dera Ghazi Khan District,8,2026,"{""type"":""MultiPoint"",""coordinates"":[]}"
7_00010000000000001695,31.897962768915924,Faisalabad District,8,2026,"{""type"":""MultiPoint"",""coordinates"":[]}"
7_00010000000000001696,29.965779192210036,Gujranwala District,8,2026,"{""type"":""MultiPoint"",""coordinates"":[]}"
7_00010000000000001697,29.310716890583986,Gujrat District,8,2026,"{""type"":""MultiPoint"",""coordinates"":[]}"
7_00010000000000001698,30.859076406833143,Hafizabad District,8,2026,"{""type"":""MultiPoint"",""coordinates"":[]}"
7_00010000000000001699,33.37806111858156,Jhang District,8,2026,"{""type"":""MultiPoint"",""coordinates"":[]}"
7_0001000000000000169a,29.73757829086663,Jhelum District,8,2026,"{""type"":""MultiPoint"",""coordinates"":[]}"
7_0001000000000000169b,30.693584806933742,Kasur District,8,2026,"{""type"":""MultiPoint"",""coordinates"":[]}"
7_0001000000000000169c,34.15777820304271,Khanewal District,8,2026,"{""type"":""MultiPoint"",""coordinates"":[]}"
7_0001000000000000169d,32.17294611150769,Khushab District,8,2026,"{""type"":""MultiPoint"",""coordinates"":[]}"
7_0001000000000000169e,30.059237083421504,Lahore District,8,2026,"{""type"":""MultiPoint"",""coordinates"":[]}"
7_0001000000000000169f,34.775298266750696,Layyah District,8,2026,"{""type"":""MultiPoint"",""coordinates"":[]}"
7_000100000000000016a0,34.38501031438287,Lodhran District,8,2026,"{""type"":""MultiPoint"",""coordinates"":[]}"
7_000100000000000016a1,30.642315635937365,Mandi Bahauddin District,8,2026,"{""type"":""MultiPoint"",""coordinates"":[]}"
7_000100000000000016a2,32.26969556412319,Mianwali District,8,2026,"{""type"":""MultiPoint"",""coordinates"":[]}"
7_000100000000000016a3,34.316688168806685,Multan District,8,2026,"{""type"":""MultiPoint"",""coordinates"":[]}"
7_000100000000000016a4,34.48249141394903,Muzaffargarh District,8,2026,"{""type"":""MultiPoint"",""coordinates"":[]}"
7_000100000000000016a5,28.787993111703237,Narowal District,8,2026,"{""type"":""MultiPoint"",""coordinates"":[]}"
7_000100000000000016a6,31.576638178631427,Okara District,8,2026,"{""type"":""MultiPoint"",""coordinates"":[]}"
7_000100000000000016a7,32.43958547468799,Pakpattan District,8,2026,"{""type"":""MultiPoint"",""coordinates"":[]}"
7_000100000000000016a8,34.20722309847717,Rahim Yar Khan District,8,2026,"{""type"":""MultiPoint"",""coordinates"":[]}"
7_000100000000000016a9,34.09443034434662,Rajanpur District,8,2026,"{""type"":""MultiPoint"",""coordinates"":[]}"
7_000100000000000016aa,28.463311921548485,Rawalpindi District,8,2026,"{""type"":""MultiPoint"",""coordinates"":[]}"
7_000100000000000016ab,32.80285531127746,Sahiwal District,8,2026,"{""type"":""MultiPoint"",""coordinates"":[]}"
7_000100000000000016ac,31.757991070112766,Sargodha District,8,2026,"{""type"":""MultiPoint"",""coordinates"":[]}"
7_000100000000000016ad,30.653570005947167,Sheikhupura District,8,2026,"{""type"":""MultiPoint"",""coordinates"":[]}"
7_000100000000000016ae,29.09660866746835,Sialkot District,8,2026,"{""type"":""MultiPoint"",""coordinates"":[]}"
7_000100000000000016af,33.14787656267077,Toba Tek Singh District,8,2026,"{""type"":""MultiPoint"",""coordinates"":[]}"
7_000100000000000016b0,33.94178960925777,Vehari District,8,2026,"{""type"":""MultiPoint"",""coordinates"":[]}"
